Persona,"Género (f, m, nb, nd)",Cargo,Empresa
Ejemplos NO BORRAR,,Ejemplos NO BORRAR,Ejemplos NO BORRAR
María Cortés (EJEMPLO),f,Consejo de Ejemplo,1 Ejemplo SA
Kai López (EJEMPLO),nb,Consejo de Ejemplo,1 Ejemplo SA
Carlos Iparraguirre (EJEMPLO),m,Consejo de Ejemplo,1 Ejemplo SA
D.E. Sómer (EJEMPLO),nd,Consejo de Ejemplo,1 Ejemplo SA
Elias Milane Calume,,SUPLENTE PERSONAL,ACEITES COMESTIBLES DEL SINU S.A.
Hermedes Hernandez Bula,,SUPLENTE PERSONAL,ACEITES COMESTIBLES DEL SINU S.A.
Jacqueline Milane Calume,,PRINCIPAL,ACEITES COMESTIBLES DEL SINU S.A.
Jorge Alberto Rojas Polania,,PRINCIPAL,ACEITES COMESTIBLES DEL SINU S.A.
Luis Pastor Mejia Peñaloza,,PRINCIPAL,ACEITES COMESTIBLES DEL SINU S.A.
Miguel Jose Milane Calume,,PRINCIPAL,ACEITES COMESTIBLES DEL SINU S.A.
Nidia Patricia Cataño,,PRINCIPAL,ACEITES COMESTIBLES DEL SINU S.A.
Olinda Milane Calume,,SUPLENTE PERSONAL,ACEITES COMESTIBLES DEL SINU S.A.
Adailson Ribeiro Pompeu,,PRINCIPAL,ACERIAS PAZ DEL RIO S.A .
Alvaro Andres Motta Navas,,SUPLENTE PERSONAL,ACERIAS PAZ DEL RIO S.A .
Andres Obregon Santo Domingo,,PRINCIPAL,ACERIAS PAZ DEL RIO S.A .
Antonio Ucros Rodriguez,,PRINCIPAL,ACERIAS PAZ DEL RIO S.A .
Carlos Henrique Stella Rotella,,PRINCIPAL,ACERIAS PAZ DEL RIO S.A .
Jorge Augusto Doria Nascimento Silva,,SUPLENTE PERSONAL,ACERIAS PAZ DEL RIO S.A .
Marcelo Costa Passos,,SUPLENTE PERSONAL,ACERIAS PAZ DEL RIO S.A .
Mauro Mitsuru Nakamura,,SUPLENTE PERSONAL,ACERIAS PAZ DEL RIO S.A .
-,,-,ADMINISTRADORA COLOMBIANA DE PENSIONES COLPENSIONES
Catalina Isabel Falquez Martinez-Aparicio,,PRINCIPAL,ADMINISTRADORA COLOMBIANA DE PENSIONES COLPENSIONES
Gilberto Quinche Toro,,PRINCIPAL,ADMINISTRADORA COLOMBIANA DE PENSIONES COLPENSIONES
Helena Bermudez Arciniegas,,PRINCIPAL,ADMINISTRADORA COLOMBIANA DE PENSIONES COLPENSIONES
Carlos Esteban Oquendo Velásquez,,PRINCIPAL,ADMINISTRADORA DE FONDOS DE PENSIONES Y CESANTIAS PROTECCION S.A.
Ignacio Calle Cuartas,,PRINCIPAL - PRESIDENTE,ADMINISTRADORA DE FONDOS DE PENSIONES Y CESANTIAS PROTECCION S.A.
Luis Carlos Arango Velez,,PRINCIPAL,ADMINISTRADORA DE FONDOS DE PENSIONES Y CESANTIAS PROTECCION S.A.
Oscar Zuluaga S.,,PRINCIPAL,ADMINISTRADORA DE FONDOS DE PENSIONES Y CESANTIAS PROTECCION S.A.
Rodrigo Velasquez Uribe,,PRINCIPAL,ADMINISTRADORA DE FONDOS DE PENSIONES Y CESANTIAS PROTECCION S.A.
Sol Beatriz Arango Mesa,,PRINCIPAL,ADMINISTRADORA DE FONDOS DE PENSIONES Y CESANTIAS PROTECCION S.A.
Tatyana Aristizabal Londoño,,PRINCIPAL,ADMINISTRADORA DE FONDOS DE PENSIONES Y CESANTIAS PROTECCION S.A.
Alexander Bialer,,PRINCIPAL,AEROVIAS DEL CONTINENTE AMERICANO S.A.
Gabriel Silva Lujan,,PRINCIPAL,AEROVIAS DEL CONTINENTE AMERICANO S.A.
German Efromovich,,PRINCIPAL - PRESIDENTE,AEROVIAS DEL CONTINENTE AMERICANO S.A.
José Efromovich,,PRINCIPAL,AEROVIAS DEL CONTINENTE AMERICANO S.A.
Luisa Fernanda Lafaurie Rivera,,PRINCIPAL,AEROVIAS DEL CONTINENTE AMERICANO S.A.
Carlos Arturo Salcedo,,SUPLENTE PERSONAL,AGROGUACHAL S.A.
Daniel De La Cuesta Valenzuela,,PRINCIPAL,AGROGUACHAL S.A.
Fabiola Salcedo Rivera,,SUPLENTE PERSONAL,AGROGUACHAL S.A.
Luis Carlos Valenzuela Delgado,,SUPLENTE PERSONAL,AGROGUACHAL S.A.
Mauricio Gonzalez Salcedo,,SUPLENTE PERSONAL,AGROGUACHAL S.A.
Nicolas Piedrahita Wood,,PRINCIPAL,AGROGUACHAL S.A.
Olga Lucia Sinisterra Salcedo,,PRINCIPAL,AGROGUACHAL S.A.
Rodrigo Restrepo Delgado,,PRINCIPAL,AGROGUACHAL S.A.
Santiago Salcedo Borrero,,SUPLENTE PERSONAL,AGROGUACHAL S.A.
Viviana Zuluaga Salcedo,,PRINCIPAL,AGROGUACHAL S.A.
Juan Cristóbal Romero R.,,PRINCIPAL,ALIMENTOS DERIVADOS DE LA CAÑA S.A. ADECAÑA S.A.
Liliana Fabiola Parra Martinez,,PRINCIPAL,ALIMENTOS DERIVADOS DE LA CAÑA S.A. ADECAÑA S.A.
Olga Patricia Patiño Rojas,,PRINCIPAL,ALIMENTOS DERIVADOS DE LA CAÑA S.A. ADECAÑA S.A.
Sanin Gomez Juan Esteban,,PRINCIPAL,ALIMENTOS DERIVADOS DE LA CAÑA S.A. ADECAÑA S.A.
Tomas Llano Dominguez,,PRINCIPAL,ALIMENTOS DERIVADOS DE LA CAÑA S.A. ADECAÑA S.A.
Ana Maria Ibañez Londoño,,PRINCIPAL,ALMACENES EXITO S.A.
Bernard Petit,,PRINCIPAL,ALMACENES EXITO S.A.
Daniel Cortes Mc.Allister,,PRINCIPAL,ALMACENES EXITO S.A.
Felipe Ayerbe Muñoz,,PRINCIPAL,ALMACENES EXITO S.A.
Guillaume Humbert,,PRINCIPAL,ALMACENES EXITO S.A.
Herve Daudin,,PRINCIPAL,ALMACENES EXITO S.A.
Jean-Paul Mochet,,PRINCIPAL,ALMACENES EXITO S.A.
Luis Fernando Alarcón Mantilla,,PRINCIPAL - PRESIDENTE,ALMACENES EXITO S.A.
Phillippe Alarcon,,PRINCIPAL,ALMACENES EXITO S.A.
Alfonso De La Espriella Ossio,,PRINCIPAL,ALMACENES GENERALES DE DEPOSITO ALMAVIVA S.A.
Ernesto José Caballero Morales,,SUPLENTE PERSONAL,ALMACENES GENERALES DE DEPOSITO ALMAVIVA S.A.
Felipe Mazuera Gomez,,SUPLENTE PERSONAL,ALMACENES GENERALES DE DEPOSITO ALMAVIVA S.A.
German Michelsen Cuellar,,PRINCIPAL,ALMACENES GENERALES DE DEPOSITO ALMAVIVA S.A.
Jorge Enrique Camacho Matamoros,,SUPLENTE PERSONAL,ALMACENES GENERALES DE DEPOSITO ALMAVIVA S.A.
Luis Carlos Arango Velez,,PRINCIPAL,ALMACENES GENERALES DE DEPOSITO ALMAVIVA S.A.
Luis Fernando Pabón Pabón,,PRINCIPAL,ALMACENES GENERALES DE DEPOSITO ALMAVIVA S.A.
Pedro Ignacio De Brigard Pombo,,PRINCIPAL,ALMACENES GENERALES DE DEPOSITO ALMAVIVA S.A.
Yolanda Bozzi Angel,,SUPLENTE PERSONAL,ALMACENES GENERALES DE DEPOSITO ALMAVIVA S.A.
Claudia Caballero Leclercq,,PRINCIPAL,ALPINA PRODUCTOS ALIMENTICIOS S.A.
Claudia Lucia Di Terlizzi Breton,,SUPLENTE PERSONAL,ALPINA PRODUCTOS ALIMENTICIOS S.A.
Cristina De La Vega,,PRINCIPAL,ALPINA PRODUCTOS ALIMENTICIOS S.A.
Fernando Triana,,PRINCIPAL,ALPINA PRODUCTOS ALIMENTICIOS S.A.
Jeannette Munger Banziger,,PRINCIPAL,ALPINA PRODUCTOS ALIMENTICIOS S.A.
Luis Guillermo Cabrera Bahamón,,SUPLENTE PERSONAL,ALPINA PRODUCTOS ALIMENTICIOS S.A.
Martha Aurora Bonilla Rodriguez,,PRINCIPAL,ALPINA PRODUCTOS ALIMENTICIOS S.A.
Nicole Trepp Papes,,SUPLENTE PERSONAL,ALPINA PRODUCTOS ALIMENTICIOS S.A.
Aida Emma Diaz Garavito,,PRINCIPAL,ALPOPULAR ALMACEN GENERAL DE DEPOSITOS S.A.
Andres Lopez Valderrama,,PRINCIPAL,ALPOPULAR ALMACEN GENERAL DE DEPOSITOS S.A.
Eduardo Bermúdez Merizalde,,PRINCIPAL,ALPOPULAR ALMACEN GENERAL DE DEPOSITOS S.A.
Javier Diaz Molina,,PRINCIPAL,ALPOPULAR ALMACEN GENERAL DE DEPOSITOS S.A.
Jorge Enrique Jaimes Jaimes,,SUPLENTE PERSONAL,ALPOPULAR ALMACEN GENERAL DE DEPOSITOS S.A.
Leonardo Caicedo Franco,,SUPLENTE PERSONAL,ALPOPULAR ALMACEN GENERAL DE DEPOSITOS S.A.
Maria Del Rosario Sintes Ulloa,,SUPLENTE PERSONAL,ALPOPULAR ALMACEN GENERAL DE DEPOSITOS S.A.
Martha Yaneth Veleño Quintero,,SUPLENTE PERSONAL,ALPOPULAR ALMACEN GENERAL DE DEPOSITOS S.A.
Sergio Del Socorro Restrepo Alvarez,,SUPLENTE PERSONAL,ALPOPULAR ALMACEN GENERAL DE DEPOSITOS S.A.
Danilo Gomez,,SUPLENTE PERSONAL,ARCO GRUPO BANCOLDEX S.A. COMPAÑIA DE FINANCIAMIENTO
Hernan Dario Yunis Perez,,PRINCIPAL,ARCO GRUPO BANCOLDEX S.A. COMPAÑIA DE FINANCIAMIENTO
Javier Mauricio Manrique Ruiz,,SUPLENTE PERSONAL,ARCO GRUPO BANCOLDEX S.A. COMPAÑIA DE FINANCIAMIENTO
José Alberto Garzón Gaitán,,SUPLENTE PERSONAL,ARCO GRUPO BANCOLDEX S.A. COMPAÑIA DE FINANCIAMIENTO
Juan Carlos Durán,,PRINCIPAL,ARCO GRUPO BANCOLDEX S.A. COMPAÑIA DE FINANCIAMIENTO
Julian Gerardo Dominguez Rivera,,SUPLENTE PERSONAL,ARCO GRUPO BANCOLDEX S.A. COMPAÑIA DE FINANCIAMIENTO
Maria Del Mar Palau Madriñan,,PRINCIPAL,ARCO GRUPO BANCOLDEX S.A. COMPAÑIA DE FINANCIAMIENTO
Mauro Emanuele Sartori Randazzo,,PRINCIPAL,ARCO GRUPO BANCOLDEX S.A. COMPAÑIA DE FINANCIAMIENTO
Olga Lucia Matamoros Velasquez,,SUPLENTE PERSONAL,ARCO GRUPO BANCOLDEX S.A. COMPAÑIA DE FINANCIAMIENTO
Alexander Bialer,,PRINCIPAL,AVIANCA HOLDINGS S.A.
Alvaro Jaramillo Buitrago,,PRINCIPAL,AVIANCA HOLDINGS S.A.
German Efromovich,,PRINCIPAL - PRESIDENTE,AVIANCA HOLDINGS S.A.
Isaac Yanovich Farbaiarz,,PRINCIPAL,AVIANCA HOLDINGS S.A.
James Peter Leshaw,,PRINCIPAL,AVIANCA HOLDINGS S.A.
José Efromovich,,PRINCIPAL,AVIANCA HOLDINGS S.A.
Juan Guillermo Serna Valencia,,PRINCIPAL,AVIANCA HOLDINGS S.A.
Oscar Dario Morales Rivera,,PRINCIPAL,AVIANCA HOLDINGS S.A.
Ramiro Valencia Cossio,,PRINCIPAL,AVIANCA HOLDINGS S.A.
Raul Campos,,PRINCIPAL,AVIANCA HOLDINGS S.A.
Roberto Kriete Avila,,PRINCIPAL,AVIANCA HOLDINGS S.A.
Alejandro Revollo Rueda,,PRINCIPAL,AZUL BLANCO - MILLONARIOS F.C. S.A.
Alfonso Gómez Palacio,,PRINCIPAL,AZUL BLANCO - MILLONARIOS F.C. S.A.
Eduardo Jaramillo Cuervo,,SUPLENTE PERSONAL,AZUL BLANCO - MILLONARIOS F.C. S.A.
Elena Mesa Zuleta,,PRINCIPAL,AZUL BLANCO - MILLONARIOS F.C. S.A.
Felipe Baptiste Lievano,,SUPLENTE PERSONAL,AZUL BLANCO - MILLONARIOS F.C. S.A.
Fernando Jaramillo Giraldo,,SUPLENTE PERSONAL,AZUL BLANCO - MILLONARIOS F.C. S.A.
Fernando Triana,,PRINCIPAL,AZUL BLANCO - MILLONARIOS F.C. S.A.
Gustavo Adolfo Serpa Preciado,,PRINCIPAL,AZUL BLANCO - MILLONARIOS F.C. S.A.
Hector Uribe,,SUPLENTE PERSONAL,AZUL BLANCO - MILLONARIOS F.C. S.A.
Jorge Enrique Camacho Matamoros,,SUPLENTE PERSONAL,AZUL BLANCO - MILLONARIOS F.C. S.A.
Alberto Carrasquilla Barrera,,PRINCIPAL,BANCO AGRARIO DE COLOMBIA S.A.
Alonso Fernando Castellanos Rueda,,PRINCIPAL,BANCO AGRARIO DE COLOMBIA S.A.
Andres Valencia,,PRINCIPAL,BANCO AGRARIO DE COLOMBIA S.A.
Antonio Eduardo Gómez Merlano,,PRINCIPAL,BANCO AGRARIO DE COLOMBIA S.A.
Carlos Gustavo Cano Sanz,,PRINCIPAL,BANCO AGRARIO DE COLOMBIA S.A.
Cesar Laureano Negret Mosquera,,PRINCIPAL,BANCO AGRARIO DE COLOMBIA S.A.
Clara Lucía González Zabala,,PRINCIPAL,BANCO AGRARIO DE COLOMBIA S.A.
Jesus Maria Oviedo,,PRINCIPAL,BANCO AGRARIO DE COLOMBIA S.A.
Jorge Julian Trujillo Agudelo,,PRINCIPAL,BANCO AGRARIO DE COLOMBIA S.A.
Juan Alberto Londoño Martínez,,SUPLENTE PERSONAL,BANCO AGRARIO DE COLOMBIA S.A.
Marcela Urueña Gomez,,SUPLENTE PERSONAL,BANCO AGRARIO DE COLOMBIA S.A.
Ana Maria Ibañez Londoño,,PRINCIPAL,BANCO BILBAO VIZCAYA ARGENTARIA COLOMBIA S.A. BBVA COLOMBIA
Carlos Caballero Argaez,,PRINCIPAL,BANCO BILBAO VIZCAYA ARGENTARIA COLOMBIA S.A. BBVA COLOMBIA
Juan Eugenio Rogero Gonzalez,,PRINCIPAL,BANCO BILBAO VIZCAYA ARGENTARIA COLOMBIA S.A. BBVA COLOMBIA
Oscar Cabrera Izquierdo,,PRINCIPAL,BANCO BILBAO VIZCAYA ARGENTARIA COLOMBIA S.A. BBVA COLOMBIA
Xavier Queralt Blanch,,PRINCIPAL,BANCO BILBAO VIZCAYA ARGENTARIA COLOMBIA S.A. BBVA COLOMBIA
-,,-,BANCO BTG PACTUAL S.A. CAYMAN BRANCH (SUCURSAL ISLAS CAYMAN)
Alberto Jaramillo Arteaga,,PRINCIPAL,BANCO CAJA SOCIAL
Andrés Londoño Borda,,SUPLENTE PERSONAL,BANCO CAJA SOCIAL
Ariamna Molinares García,,SUPLENTE PERSONAL,BANCO CAJA SOCIAL
Eduardo Ángel Reyes,,PRINCIPAL,BANCO CAJA SOCIAL
Fernando Robledo Quijano,,SUPLENTE PERSONAL,BANCO CAJA SOCIAL
Juan Camilo Nariño Alcocer,,SUPLENTE PERSONAL,BANCO CAJA SOCIAL
Juan Carlos Gómez Villegas,,PRINCIPAL,BANCO CAJA SOCIAL
Juan Gonzalo Flores Guzman,,SUPLENTE PERSONAL,BANCO CAJA SOCIAL
Juan Manuel Calderón Cuello,,SUPLENTE PERSONAL,BANCO CAJA SOCIAL
Kathleen Collins Barclay,,PRINCIPAL,BANCO CAJA SOCIAL
Lina Constanza Stella Leal,,PRINCIPAL,BANCO CAJA SOCIAL
Maria Andrea Acosta Fonseca,,SUPLENTE PERSONAL,BANCO CAJA SOCIAL
-,,-,BANCO CENTROAMERICANO DE INTEGRACIÓN ECONÓMICA
Alberto Mariño Samper,,SUPLENTE PERSONAL,BANCO COMERCIAL AV VILLAS S.A
Bernardo Noreña Ocampo,,PRINCIPAL,BANCO COMERCIAL AV VILLAS S.A
Carlos Ernesto Pérez Buenaventura,,SUPLENTE PERSONAL,BANCO COMERCIAL AV VILLAS S.A
Diego Rodriguez Piedrahita,,PRINCIPAL,BANCO COMERCIAL AV VILLAS S.A
Fernando Copete Saldarriaga,,PRINCIPAL,BANCO COMERCIAL AV VILLAS S.A
Gustavo Ramirez Galindo,,SUPLENTE PERSONAL,BANCO COMERCIAL AV VILLAS S.A
Jaime Gilberto Gómez Arango,,PRINCIPAL,BANCO COMERCIAL AV VILLAS S.A
Jose Wilson Rodriguez,,SUPLENTE PERSONAL,BANCO COMERCIAL AV VILLAS S.A
Luis Fernando Pabón Pabón,,SUPLENTE PERSONAL,BANCO COMERCIAL AV VILLAS S.A
Pedro Ignacio De Brigard Pombo,,PRINCIPAL,BANCO COMERCIAL AV VILLAS S.A
Alejandra Jaramillo González,,PRINCIPAL,BANCO COMPARTIR S.A. ANTES ( FINANCIERA AMERICA S.A. C.F.)
Alvaro Julio Rodriguez Perez,,SUPLENTE PERSONAL,BANCO COMPARTIR S.A. ANTES ( FINANCIERA AMERICA S.A. C.F.)
Carlos Fernando Gómez Hernández,,SUPLENTE PERSONAL,BANCO COMPARTIR S.A. ANTES ( FINANCIERA AMERICA S.A. C.F.)
Claudio Higuera Martínez,,PRINCIPAL,BANCO COMPARTIR S.A. ANTES ( FINANCIERA AMERICA S.A. C.F.)
David Arturo Paradiso,,SUPLENTE PERSONAL,BANCO COMPARTIR S.A. ANTES ( FINANCIERA AMERICA S.A. C.F.)
Diego Guzman Garavito,,PRINCIPAL,BANCO COMPARTIR S.A. ANTES ( FINANCIERA AMERICA S.A. C.F.)
Eduardo Garcés Mendoza,,PRINCIPAL,BANCO COMPARTIR S.A. ANTES ( FINANCIERA AMERICA S.A. C.F.)
Esteban Andres Altschul,,SUPLENTE PERSONAL,BANCO COMPARTIR S.A. ANTES ( FINANCIERA AMERICA S.A. C.F.)
Fernando Suescun Mutis,,PRINCIPAL,BANCO COMPARTIR S.A. ANTES ( FINANCIERA AMERICA S.A. C.F.)
Germán Giovanni Aldana Blanco,,SUPLENTE PERSONAL,BANCO COMPARTIR S.A. ANTES ( FINANCIERA AMERICA S.A. C.F.)
Jacobo Tovar Caicedo,,SUPLENTE PERSONAL,BANCO COMPARTIR S.A. ANTES ( FINANCIERA AMERICA S.A. C.F.)
Jaime Humberto Delgado Villegas,,PRINCIPAL,BANCO COMPARTIR S.A. ANTES ( FINANCIERA AMERICA S.A. C.F.)
Jaime Trucco Del Castillo,,PRINCIPAL,BANCO COMPARTIR S.A. ANTES ( FINANCIERA AMERICA S.A. C.F.)
Luis Carlos Arango Velez,,PRINCIPAL,BANCO COMPARTIR S.A. ANTES ( FINANCIERA AMERICA S.A. C.F.)
Mauricio Jaramillo,,SUPLENTE PERSONAL,BANCO COMPARTIR S.A. ANTES ( FINANCIERA AMERICA S.A. C.F.)
Nestor Fernandez De Soto,,SUPLENTE PERSONAL,BANCO COMPARTIR S.A. ANTES ( FINANCIERA AMERICA S.A. C.F.)
Rene Orjuela Bernal,,SUPLENTE PERSONAL,BANCO COMPARTIR S.A. ANTES ( FINANCIERA AMERICA S.A. C.F.)
Ricardo Segovia Brid,,SUPLENTE PERSONAL,BANCO COMPARTIR S.A. ANTES ( FINANCIERA AMERICA S.A. C.F.)
Stella Villegas De Osorio,,PRINCIPAL,BANCO COMPARTIR S.A. ANTES ( FINANCIERA AMERICA S.A. C.F.)
Victor Mauricio Pinto Morante,,PRINCIPAL,BANCO COMPARTIR S.A. ANTES ( FINANCIERA AMERICA S.A. C.F.)
Alfredo Arana Velasco,,PRINCIPAL,BANCO COOMEVA S.A.
Alfredo Eduardo Rincón Angulo,,PRINCIPAL,BANCO COOMEVA S.A.
Daniel Castellanos García,,PRINCIPAL,BANCO COOMEVA S.A.
Eduardo José Victoria Ruiz,,PRINCIPAL,BANCO COOMEVA S.A.
Gilberto Quinche Toro,,SUPLENTE PERSONAL,BANCO COOMEVA S.A.
Giuliano Morini Calero,,SUPLENTE PERSONAL,BANCO COOMEVA S.A.
Julián Benavides Franco,,SUPLENTE PERSONAL,BANCO COOMEVA S.A.
Leon Dario Villa Villa,,PRINCIPAL,BANCO COOMEVA S.A.
Luis Carlos Lozada Bedoya,,SUPLENTE PERSONAL,BANCO COOMEVA S.A.
Luis Mario Giraldo Niño,,SUPLENTE PERSONAL,BANCO COOMEVA S.A.
Claudio Higuera Martínez,,PRINCIPAL,BANCO COOPERATIVO COOPCENTRAL antes Central Cooperativa COOPCENTRAL
Clemencia Cristina Dupont Cruz,,PRINCIPAL,BANCO COOPERATIVO COOPCENTRAL antes Central Cooperativa COOPCENTRAL
Darwin Giovanny Cárdenas Giraldo,,SUPLENTE PERSONAL,BANCO COOPERATIVO COOPCENTRAL antes Central Cooperativa COOPCENTRAL
Diana Lucia Roa Diaz,,SUPLENTE PERSONAL,BANCO COOPERATIVO COOPCENTRAL antes Central Cooperativa COOPCENTRAL
Eduardo Carreño Bueno,,PRINCIPAL,BANCO COOPERATIVO COOPCENTRAL antes Central Cooperativa COOPCENTRAL
Henry Antonio López Rodríguez,,SUPLENTE PERSONAL,BANCO COOPERATIVO COOPCENTRAL antes Central Cooperativa COOPCENTRAL
Hugo Hernández Grajales,,PRINCIPAL,BANCO COOPERATIVO COOPCENTRAL antes Central Cooperativa COOPCENTRAL
Jaime Parra Valero,,PRINCIPAL,BANCO COOPERATIVO COOPCENTRAL antes Central Cooperativa COOPCENTRAL
Jose De Los Reyes Ahumedo Bello,,SUPLENTE PERSONAL,BANCO COOPERATIVO COOPCENTRAL antes Central Cooperativa COOPCENTRAL
Jose Hover Parra Peña,,SUPLENTE PERSONAL,BANCO COOPERATIVO COOPCENTRAL antes Central Cooperativa COOPCENTRAL
Liliana María Palacio Jaramillo,,PRINCIPAL,BANCO COOPERATIVO COOPCENTRAL antes Central Cooperativa COOPCENTRAL
Martha Lucia Rendon Botero,,SUPLENTE PERSONAL,BANCO COOPERATIVO COOPCENTRAL antes Central Cooperativa COOPCENTRAL
Martha Luz Camargo De La Hoz,,SUPLENTE PERSONAL,BANCO COOPERATIVO COOPCENTRAL antes Central Cooperativa COOPCENTRAL
Miller García Perdomo,,PRINCIPAL,BANCO COOPERATIVO COOPCENTRAL antes Central Cooperativa COOPCENTRAL
Orlando Rafael Avila Ruiz,,PRINCIPAL,BANCO COOPERATIVO COOPCENTRAL antes Central Cooperativa COOPCENTRAL
Vicente Antonio Pabón Monrroy,,SUPLENTE PERSONAL,BANCO COOPERATIVO COOPCENTRAL antes Central Cooperativa COOPCENTRAL
Alvaro Pelaez Arango,,PRINCIPAL,BANCO DAVIVIENDA S.A.
Andres Florez Villegas,,PRINCIPAL,BANCO DAVIVIENDA S.A.
Carlos Arango Uribe,,PRINCIPAL,BANCO DAVIVIENDA S.A.
Federico Salazar Mejia,,SUPLENTE PERSONAL,BANCO DAVIVIENDA S.A.
Héctor Gómez Ang,,SUPLENTE PERSONAL,BANCO DAVIVIENDA S.A.
Javier Jose Suarez Esparragoza,,PRINCIPAL,BANCO DAVIVIENDA S.A.
Karl Voltaire Anglade,,PRINCIPAL,BANCO DAVIVIENDA S.A.
Olga Lucia Martinez Lema,,SUPLENTE PERSONAL,BANCO DAVIVIENDA S.A.
Roberto Holguin Fety,,SUPLENTE PERSONAL,BANCO DAVIVIENDA S.A.
Victor Enrique Florez Camacho,,SUPLENTE PERSONAL,BANCO DAVIVIENDA S.A.
Alfonso De La Espriella Ossio,,PRINCIPAL,BANCO DE BOGOTA S. A.
Alvaro De Jesus Velasquez Cock,,SUPLENTE PERSONAL,BANCO DE BOGOTA S. A.
Ana Maria Cuellar De Jaramillo,,SUPLENTE PERSONAL,BANCO DE BOGOTA S. A.
Carlos Arcesio Paz Bautista,,PRINCIPAL,BANCO DE BOGOTA S. A.
Carlos Ignacio Jaramillo Jaramillo,,SUPLENTE PERSONAL,BANCO DE BOGOTA S. A.
Jorge Ivan Villegas Montoya,,SUPLENTE PERSONAL,BANCO DE BOGOTA S. A.
Jose Fernando Isaza Delgado,,PRINCIPAL,BANCO DE BOGOTA S. A.
Luis Carlos Sarmiento Gutierrez,,PRINCIPAL,BANCO DE BOGOTA S. A.
Sergio Arboleda Casas,,SUPLENTE PERSONAL,BANCO DE BOGOTA S. A.
Sergio Uribe Arboleda,,PRINCIPAL,BANCO DE BOGOTA S. A.
Augusto Lopez Valencia,,PRINCIPAL,BANCO DE COMERCIO EXTERIOR DE COLOMBIA S.A.
Camilo Alfonso Barco Muñoz,,PRINCIPAL,BANCO DE COMERCIO EXTERIOR DE COLOMBIA S.A.
Carlos Eduardo Quintero Rocaniz,,PRINCIPAL,BANCO DE COMERCIO EXTERIOR DE COLOMBIA S.A.
Guillermo Valencia Jaramillo,,PRINCIPAL,BANCO DE COMERCIO EXTERIOR DE COLOMBIA S.A.
Ligia Stella Rodriguez Hernandez,,PRINCIPAL,BANCO DE COMERCIO EXTERIOR DE COLOMBIA S.A.
Luis Gustavo Florez Enciso,,SUPLENTE PERSONAL,BANCO DE COMERCIO EXTERIOR DE COLOMBIA S.A.
Maria Ines Agudelo Valencia,,SUPLENTE PERSONAL,BANCO DE COMERCIO EXTERIOR DE COLOMBIA S.A.
Sergio Mauricio Vega Lemus,,SUPLENTE PERSONAL,BANCO DE COMERCIO EXTERIOR DE COLOMBIA S.A.
-,,-,BANCO DE LA REPUBLICA
Catalina Martinez De Rozo,,PRINCIPAL,BANCO DE LAS MICROFINANZAS BANCAMIA S.A.
Edith Maria Hoyos Cardona,,PRINCIPAL,BANCO DE LAS MICROFINANZAS BANCAMIA S.A.
Ignacio Rojas-Marcos Castelló,,PRINCIPAL,BANCO DE LAS MICROFINANZAS BANCAMIA S.A.
Javier Manuel Flores Moreno,,PRINCIPAL,BANCO DE LAS MICROFINANZAS BANCAMIA S.A.
Jorge Waldemar Cruz Diaz,,PRINCIPAL,BANCO DE LAS MICROFINANZAS BANCAMIA S.A.
Maria Margarita Helena Correa Henao,,PRINCIPAL,BANCO DE LAS MICROFINANZAS BANCAMIA S.A.
Pedro Luis Saiz Ruiz,,PRINCIPAL,BANCO DE LAS MICROFINANZAS BANCAMIA S.A.
Adolfo Varela González,,SUPLENTE PERSONAL,BANCO DE OCCIDENTE S.A.
Eduardo Herrera Botta,,SUPLENTE PERSONAL,BANCO DE OCCIDENTE S.A.
Felipe Ayerbe Muñoz,,PRINCIPAL,BANCO DE OCCIDENTE S.A.
Gilberto Saa Navia,,SUPLENTE PERSONAL,BANCO DE OCCIDENTE S.A.
Hector Vesga Perdomo,,PRINCIPAL,BANCO DE OCCIDENTE S.A.
Ivan Felipe Mejia Cabal,,PRINCIPAL,BANCO DE OCCIDENTE S.A.
Liliana Bonilla Otoya,,PRINCIPAL,BANCO DE OCCIDENTE S.A.
Mauricio Gutierrez Vergara,,SUPLENTE PERSONAL,BANCO DE OCCIDENTE S.A.
Mauricio Iragorri Rizo,,SUPLENTE PERSONAL,BANCO DE OCCIDENTE S.A.
Ricardo Alberto Villaveces Pardo,,PRINCIPAL,BANCO DE OCCIDENTE S.A.
Benedicto Gallardo Prieto,,SUPLENTE PERSONAL,BANCO FALABELLA S.A.
Fernando Rodríguez Carrizosa,,SUPLENTE PERSONAL,BANCO FALABELLA S.A.
Helder Jorge Mao De Ferro Antunes,,SUPLENTE PERSONAL,BANCO FALABELLA S.A.
Jonathan Lutz Nickell,,SUPLENTE PERSONAL,BANCO FALABELLA S.A.
Jorge Londoño Saldarriaga,,PRINCIPAL,BANCO FALABELLA S.A.
Juan Fernandez Fernandez,,PRINCIPAL,BANCO FALABELLA S.A.
Juan Manuel Matheu,,PRINCIPAL,BANCO FALABELLA S.A.
Rodrigo Agustin Fajardo Zilleruelo,,PRINCIPAL,BANCO FALABELLA S.A.
Armando Vegalara Rojas,,PRINCIPAL,BANCO FINANDINA S.A.
Carlos Lleras De La Fuentes,,PRINCIPAL,BANCO FINANDINA S.A.
Ines Elvira Vegalara Franco,,PRINCIPAL,BANCO FINANDINA S.A.
Jorge Urrutia Montoya,,SUPLENTE PERSONAL,BANCO FINANDINA S.A.
Jose Fernando Calderon,,PRINCIPAL,BANCO FINANDINA S.A.
Juan Pablo Liévano Vegalara,,SUPLENTE PERSONAL,BANCO FINANDINA S.A.
Luis Jaime Salgar Vegalara,,SUPLENTE PERSONAL,BANCO FINANDINA S.A.
Manuel Rodriguez Becerra,,SUPLENTE PERSONAL,BANCO FINANDINA S.A.
Gabriel Gilinski Kardonski,,PRINCIPAL,BANCO GNB SUDAMERIS
Jaime Gilinski Bacal,,PRINCIPAL,BANCO GNB SUDAMERIS
Joshua Moises Gilinski Kardonski,,PRINCIPAL,BANCO GNB SUDAMERIS
Luis Eduardo Nieto Jaramillo,,PRINCIPAL,BANCO GNB SUDAMERIS
Oliverio Lew,,PRINCIPAL,BANCO GNB SUDAMERIS
Ricardo Diaz Romero,,PRINCIPAL,BANCO GNB SUDAMERIS
Robert Lasley Brookes,,PRINCIPAL,BANCO GNB SUDAMERIS
-,,-,BANCO INTERAMERICANO DE DESARROLLO
-,,-,BANCO INTERNACIONAL DE RECONSTRUCCION Y FOMENTO
Federico Guillermo Ochoa Barrera,,PRINCIPAL,BANCO MULTIBANK S.A.
Gabriel Suárez Cortés,,PRINCIPAL,BANCO MULTIBANK S.A.
Jose Fernando Torres Fernandez De Castro,,PRINCIPAL,BANCO MULTIBANK S.A.
José Gilberto Taylor Coker,,PRINCIPAL,BANCO MULTIBANK S.A.
Maricielo Del Rosario Glen De Tobón,,PRINCIPAL,BANCO MULTIBANK S.A.
Rafael Sanchez Garros,,PRINCIPAL,BANCO MULTIBANK S.A.
Raul González Cardozo,,PRINCIPAL,BANCO MULTIBANK S.A.
Gaston Danilo Barazorda Carrillo,,PRINCIPAL,BANCO MUNDO MUJER S.A. - MUNDO MUJER EL BANCO DE LA COMUNIDAD
Jose Miguel Otoya Grueso,,PRINCIPAL,BANCO MUNDO MUJER S.A. - MUNDO MUJER EL BANCO DE LA COMUNIDAD
Maria Leonor Velasco Melo,,PRINCIPAL,BANCO MUNDO MUJER S.A. - MUNDO MUJER EL BANCO DE LA COMUNIDAD
Orlando Casas Santacruz,,PRINCIPAL,BANCO MUNDO MUJER S.A. - MUNDO MUJER EL BANCO DE LA COMUNIDAD
Ricardo Sanchez Lopez,,PRINCIPAL,BANCO MUNDO MUJER S.A. - MUNDO MUJER EL BANCO DE LA COMUNIDAD
Alberto Barco Vargas,,SUPLENTE PERSONAL,BANCO PICHINCHA S.A.
Alejandro Revollo Rueda,,PRINCIPAL,BANCO PICHINCHA S.A.
Alejandro Ribadeneira Jaramillo,,SUPLENTE PERSONAL,BANCO PICHINCHA S.A.
Antonio Alfonso Acosta Espinosa,,PRINCIPAL,BANCO PICHINCHA S.A.
Dario Fidel Alejandro Egas Grijalva,,SUPLENTE PERSONAL,BANCO PICHINCHA S.A.
Fidel Esteban Egas Sosa,,PRINCIPAL,BANCO PICHINCHA S.A.
Hector Jaime Roa Piñeros,,SUPLENTE PERSONAL,BANCO PICHINCHA S.A.
Juan Pablo Egas Sosa,,PRINCIPAL,BANCO PICHINCHA S.A.
Liliana Marcela De Plaza Buritica,,SUPLENTE PERSONAL,BANCO PICHINCHA S.A.
Luis Hernan Soto Mejia,,PRINCIPAL,BANCO PICHINCHA S.A.
Rafael Alfonso Bastidas Pacheco,,PRINCIPAL,BANCO PICHINCHA S.A.
Santiago Bayas Paredes,,PRINCIPAL,BANCO PICHINCHA S.A.
Adriana Zapata Giraldo,,SUPLENTE PERSONAL,BANCO POPULAR S.A.
Gabriel Mesa Zuleta,,PRINCIPAL,BANCO POPULAR S.A.
German Michelsen Cuellar,,PRINCIPAL,BANCO POPULAR S.A.
Javier Diaz Molina,,PRINCIPAL,BANCO POPULAR S.A.
Luis Orlando Alvarez Betancur,,PRINCIPAL,BANCO POPULAR S.A.
Luz Piedad Rugeles Ardila,,SUPLENTE PERSONAL,BANCO POPULAR S.A.
Mauricio Amador Andrade,,PRINCIPAL,BANCO POPULAR S.A.
Mauricio Fernández Fernández,,SUPLENTE PERSONAL,BANCO POPULAR S.A.
Sandra Patricia Solorzano Daza,,SUPLENTE PERSONAL,BANCO POPULAR S.A.
Antje Marielle Gerhold,,PRINCIPAL,BANCO PROCREDIT COLOMBIA S.A.
Barbara Christine Van Oven,,SUPLENTE PERSONAL,BANCO PROCREDIT COLOMBIA S.A.
Jesús Miguel Ebenberger,,PRINCIPAL,BANCO PROCREDIT COLOMBIA S.A.
Jesus Quintero Palomino,,PRINCIPAL,BANCO PROCREDIT COLOMBIA S.A.
Marco Eliecer Peralta Fernandez,,PRINCIPAL,BANCO PROCREDIT COLOMBIA S.A.
Mariana Dimitrova Petkova,,SUPLENTE PERSONAL,BANCO PROCREDIT COLOMBIA S.A.
Martina Peter,,SUPLENTE PERSONAL,BANCO PROCREDIT COLOMBIA S.A.
Meik Proescher,,SUPLENTE PERSONAL,BANCO PROCREDIT COLOMBIA S.A.
Rainer Peter Ottenstein,,SUPLENTE PERSONAL,BANCO PROCREDIT COLOMBIA S.A.
Yann Nicolas Groeger,,PRINCIPAL,BANCO PROCREDIT COLOMBIA S.A.
Alfredo Antonio Sanchez Belalcazar,,PRINCIPAL,BANCO SANTANDER DE NEGOCIOS COLOMBIA S.A.
Fabiola Sojet Borrero,,PRINCIPAL,BANCO SANTANDER DE NEGOCIOS COLOMBIA S.A.
Juan Pablo Murcia Fajardo,,PRINCIPAL,BANCO SANTANDER DE NEGOCIOS COLOMBIA S.A.
Manuel De La Cruz De La Cruz,,PRINCIPAL,BANCO SANTANDER DE NEGOCIOS COLOMBIA S.A.
Román Blanco Reinosa,,PRINCIPAL,BANCO SANTANDER DE NEGOCIOS COLOMBIA S.A.
Alejandro Zaccour Urdinola,,PRINCIPAL,BANCO W S.A.
Cecilia Matilde Lopez Montaño,,PRINCIPAL,BANCO W S.A.
Daniela Konietzko Calero,,PRINCIPAL,BANCO W S.A.
Germán Humberto Contreras Arciniegas,,PRINCIPAL,BANCO W S.A.
Juliana Rodriguez Caicedo,,PRINCIPAL,BANCO W S.A.
Manuel Ignacio Navas Gonzalez,,PRINCIPAL,BANCO W S.A.
Olga Lucia Martinez Murgueitio,,PRINCIPAL,BANCO W S.A.
Oscar Alfredo Romero Vega,,PRINCIPAL,BANCO W S.A.
Ramiro Guerrero Carvajal,,PRINCIPAL,BANCO W S.A.
Andrés Mejía Cardona,,PRINCIPAL,BANCOLOMBIA S.A.
Arturo Leonidas Condo Tamayo,,PRINCIPAL,BANCOLOMBIA S.A.
David Bojanini Garcia,,PRINCIPAL,BANCOLOMBIA S.A.
Gonzalo Alberto Perez Rojas,,PRINCIPAL,BANCOLOMBIA S.A.
Hernando Jose Gomez Restrepo,,PRINCIPAL,BANCOLOMBIA S.A.
Luis Fernando Restrepo Echavarria,,PRINCIPAL,BANCOLOMBIA S.A.
Roberto Steiner Sampedro,,PRINCIPAL,BANCOLOMBIA S.A.
Ana Maria Cuellar De Jaramillo,,PRINCIPAL,BIOMAX BIOCOMBUSTIBLES S.A.
Emilio Alberto Nasser Ferrera,,SUPLENTE PERSONAL,BIOMAX BIOCOMBUSTIBLES S.A.
Federicoantonio De La Soledad Nasser Facusse,,SUPLENTE PERSONAL,BIOMAX BIOCOMBUSTIBLES S.A.
Ferdinando Voto Lucía,,PRINCIPAL,BIOMAX BIOCOMBUSTIBLES S.A.
Fredy Nasser Selman,,PRINCIPAL,BIOMAX BIOCOMBUSTIBLES S.A.
Héctor Soto Hurtado,,SUPLENTE PERSONAL,BIOMAX BIOCOMBUSTIBLES S.A.
Juan Manuel Velasco Musson,,PRINCIPAL,BIOMAX BIOCOMBUSTIBLES S.A.
Julian Fernando Ramirez Alvarez,,SUPLENTE PERSONAL,BIOMAX BIOCOMBUSTIBLES S.A.
Oscar Trujillo Jaramillo,,SUPLENTE PERSONAL,BIOMAX BIOCOMBUSTIBLES S.A.
Rafael Rivas Mallarino,,PRINCIPAL,BIOMAX BIOCOMBUSTIBLES S.A.
Eduardo López Obregón,,SUPLENTE PERSONAL,BMC BOLSA MERCANTIL DE COLOMBIA S.A.
Edwin Cortes Mejia,,SUPLENTE PERSONAL,BMC BOLSA MERCANTIL DE COLOMBIA S.A.
Fernando Rivera Saraza,,PRINCIPAL,BMC BOLSA MERCANTIL DE COLOMBIA S.A.
Hernan Miguel Roman Calderon,,SUPLENTE PERSONAL,BMC BOLSA MERCANTIL DE COLOMBIA S.A.
Horacio Jaramillo Bernal,,SUPLENTE PERSONAL,BMC BOLSA MERCANTIL DE COLOMBIA S.A.
Jorge Ernesto Garcia Prado,,PRINCIPAL,BMC BOLSA MERCANTIL DE COLOMBIA S.A.
Jorge Horacio Taborda Aitken,,PRINCIPAL,BMC BOLSA MERCANTIL DE COLOMBIA S.A.
Juan Pablo Cabal Cabal,,PRINCIPAL,BMC BOLSA MERCANTIL DE COLOMBIA S.A.
Luis Alberto Zuleta Jaramillo,,PRINCIPAL,BMC BOLSA MERCANTIL DE COLOMBIA S.A.
Maria Ines Agudelo Valencia,,PRINCIPAL,BMC BOLSA MERCANTIL DE COLOMBIA S.A.
Mario Rodriguez Rico,,SUPLENTE PERSONAL,BMC BOLSA MERCANTIL DE COLOMBIA S.A.
Sergio Enrique Villamizar Ortiz,,PRINCIPAL,BMC BOLSA MERCANTIL DE COLOMBIA S.A.
Carlos Andrés Cobo Quintero,,SUPLENTE PERSONAL,BNP PARIBAS COLOMBIA CORPORACION FINANCIERA S.A.
Carlos Fradique Mendez,,PRINCIPAL,BNP PARIBAS COLOMBIA CORPORACION FINANCIERA S.A.
Claudia Patricia Calderon Cadena,,PRINCIPAL,BNP PARIBAS COLOMBIA CORPORACION FINANCIERA S.A.
Daniel Cortes Mc.Allister,,PRINCIPAL,BNP PARIBAS COLOMBIA CORPORACION FINANCIERA S.A.
Enrique Cezar Garcia De Campos,,PRINCIPAL,BNP PARIBAS COLOMBIA CORPORACION FINANCIERA S.A.
Luis Ricardo Berlfein,,PRINCIPAL,BNP PARIBAS COLOMBIA CORPORACION FINANCIERA S.A.
Marcelo Marques Sellan,,SUPLENTE PERSONAL,BNP PARIBAS COLOMBIA CORPORACION FINANCIERA S.A.
Michel Michael Basciano,,SUPLENTE PERSONAL,BNP PARIBAS COLOMBIA CORPORACION FINANCIERA S.A.
Omar Andres Duque Tobon,,SUPLENTE PERSONAL,BNP PARIBAS COLOMBIA CORPORACION FINANCIERA S.A.
Roberto Juan Olson,,SUPLENTE PERSONAL,BNP PARIBAS COLOMBIA CORPORACION FINANCIERA S.A.
-,,-,BOGOTA DISTRITO CAPITAL
Aura Marleny Arcila Giraldo,,PRINCIPAL,BOLSA DE VALORES DE COLOMBIA S.A.
Derek Charles Sassoon,,PRINCIPAL,BOLSA DE VALORES DE COLOMBIA S.A.
Diego Jimenez Posada,,PRINCIPAL,BOLSA DE VALORES DE COLOMBIA S.A.
German Salazar Castro,,PRINCIPAL,BOLSA DE VALORES DE COLOMBIA S.A.
Jaime Alonso Castañeda Roldan,,PRINCIPAL,BOLSA DE VALORES DE COLOMBIA S.A.
Javier Ignacio Jaramillo Velasquez,,PRINCIPAL,BOLSA DE VALORES DE COLOMBIA S.A.
Juan Camilo Vallejo Arango,,PRINCIPAL,BOLSA DE VALORES DE COLOMBIA S.A.
Oscar Cabrera Izquierdo,,PRINCIPAL,BOLSA DE VALORES DE COLOMBIA S.A.
Rafael Tomas Aparicio Escallon,,PRINCIPAL,BOLSA DE VALORES DE COLOMBIA S.A.
Ricardo Mauricio Rosillo Rojas,,PRINCIPAL,BOLSA DE VALORES DE COLOMBIA S.A.
Roberto Junguito Bonnet,,PRINCIPAL,BOLSA DE VALORES DE COLOMBIA S.A.
Santiago Montenegro Trujillo,,PRINCIPAL,BOLSA DE VALORES DE COLOMBIA S.A.
Sergio Clavijo Vergara,,PRINCIPAL,BOLSA DE VALORES DE COLOMBIA S.A.
-,,-,BTG PACTUAL FCP CACAO COMPARTIMENTO I SUBCOMPARTIMENTO A
-,,-,BTG PACTUAL FCP CACAO COMPARTIMENTO I SUBCOMPARTIMENTO Z ECO CACAO
-,,-,BTG PACTUAL FONDO CREDITO CLASE 12
-,,-,BTG PACTUAL FONDO CREDITO CLASE 24
-,,-,BTG PACTUAL FONDO CREDITO CLASE 24
-,,-,BTG PACTUAL FONDO CREDITO CLASE 6
-,,-,BTG PACTUAL FONDO CREDITO CLASE 60
Daniel Ignacio Niño Tarazona,,SUPLENTE PERSONAL,CAJA DE AUXILIOS Y DE PRESTACIONES DE ACDAC
Fernando Jauregui Pinilla,,PRINCIPAL,CAJA DE AUXILIOS Y DE PRESTACIONES DE ACDAC
Hernan Clavijo Diaz,,SUPLENTE PERSONAL,CAJA DE AUXILIOS Y DE PRESTACIONES DE ACDAC
Ivan Daniel Jaramillo Jassir,,SUPLENTE PERSONAL,CAJA DE AUXILIOS Y DE PRESTACIONES DE ACDAC
Jairo Mejía Soto,,PRINCIPAL,CAJA DE AUXILIOS Y DE PRESTACIONES DE ACDAC
Jorge Mario Medina Cadena,,PRINCIPAL,CAJA DE AUXILIOS Y DE PRESTACIONES DE ACDAC
Jorge Ricardo Cortés Ruiz,,PRINCIPAL,CAJA DE AUXILIOS Y DE PRESTACIONES DE ACDAC
Luis Alfonso Pinzón Velasquez,,SUPLENTE PERSONAL,CAJA DE AUXILIOS Y DE PRESTACIONES DE ACDAC
Orlando Cantillo Higuera,,SUPLENTE PERSONAL,CAJA DE AUXILIOS Y DE PRESTACIONES DE ACDAC
Alberto Jose Sosa,,PRINCIPAL,CANACOL ENERGY LTD
Charle Gamba,,PRINCIPAL,CANACOL ENERGY LTD
David A Winter,,PRINCIPAL,CANACOL ENERGY LTD
Francisco Ignacio Diaz Salazar,,PRINCIPAL,CANACOL ENERGY LTD
Gregory Dale Elliot,,PRINCIPAL,CANACOL ENERGY LTD
Michael Hibberd,,PRINCIPAL - PRESIDENTE,CANACOL ENERGY LTD
Oswaldo Cisneros,,PRINCIPAL,CANACOL ENERGY LTD
Alberto Preciado Arbelaez,,PRINCIPAL,CARACOL TELEVISION S.A.
Alejandro Santo Domingo Davila,,PRINCIPAL,CARACOL TELEVISION S.A.
Alvaro Villegas Villegas,,PRINCIPAL,CARACOL TELEVISION S.A.
Andres Santo Domingo Davila,,PRINCIPAL,CARACOL TELEVISION S.A.
Carlos Alejandro Perez Davila,,PRINCIPAL - PRESIDENTE,CARACOL TELEVISION S.A.
Carlos Arturo Londoño Gutierrez,,PRINCIPAL,CARACOL TELEVISION S.A.
Daniel Joshua Gertsacov,,PRINCIPAL,CARACOL TELEVISION S.A.
-,,-,CARTERA COLECTIVA ESCALONADA INTERBOLSA CREDIT - EN LIQUIDACION
-,,-,CARTERA COLECTIVA ESCALONADA INTERBOLSA FACTORING - EN LIQUIDACION
Alvaro Jose Henao Ramos,,PRINCIPAL,CARTON DE COLOMBIA S.A.
Andrés Llano Carvajal,,PRINCIPAL,CARTON DE COLOMBIA S.A.
Anthony Paul Smurfit,,SUPLENTE PERSONAL,CARTON DE COLOMBIA S.A.
Carlos Armando Garrido Otoya,,SUPLENTE PERSONAL,CARTON DE COLOMBIA S.A.
Eulalia María Arboleda De Montes,,PRINCIPAL,CARTON DE COLOMBIA S.A.
Javier Diaz Molina,,SUPLENTE PERSONAL,CARTON DE COLOMBIA S.A.
Juan Guillermo Castañeda R.,,PRINCIPAL,CARTON DE COLOMBIA S.A.
Juan Guillermo Londoño Posada,,PRINCIPAL,CARTON DE COLOMBIA S.A.
Luis Felipe Hoyos Vieira,,SUPLENTE PERSONAL,CARTON DE COLOMBIA S.A.
Maria Del Mar Palau Madriñan,,SUPLENTE PERSONAL,CARTON DE COLOMBIA S.A.
Bernardo Quintero Balcazar,,PRINCIPAL - PRESIDENTE,CARVAJAL EMPAQUES S.A.
Diego Andres Hoic,,PRINCIPAL,CARVAJAL EMPAQUES S.A.
Eugenio Castro Carvajal,,PRINCIPAL,CARVAJAL EMPAQUES S.A.
Guillermo Eduardo Ponce De León Sarasti,,PRINCIPAL,CARVAJAL EMPAQUES S.A.
Gustavo Adolfo Carvajal,,PRINCIPAL,CARVAJAL EMPAQUES S.A.
Alejandro Zaccour Urdinola,,PRINCIPAL,CARVAJAL S.A.
Andres Felipe Crump,,PRINCIPAL,CARVAJAL S.A.
Fabio Villegas Ramirez,,PRINCIPAL,CARVAJAL S.A.
Gustavo Adolfo Carvajal,,PRINCIPAL - PRESIDENTE,CARVAJAL S.A.
Jorge Alberto Uribe,,PRINCIPAL,CARVAJAL S.A.
Juan Esteban Guerrero Carvajal,,PRINCIPAL,CARVAJAL S.A.
Luis Ernesto Mejia Castro,,PRINCIPAL,CARVAJAL S.A.
Manuel Sterenberg Carvajal,,PRINCIPAL,CARVAJAL S.A.
Sergio Restrepo Restrepo,,PRINCIPAL,CARVAJAL S.A.
Alejandro Garrido Gonzalez,,SUPLENTE PERSONAL,CASTILLA AGRICOLA S.A.
Aniceto Guzman Sanchez,,PRINCIPAL,CASTILLA AGRICOLA S.A.
Belisario Caicedo Capurro,,PRINCIPAL,CASTILLA AGRICOLA S.A.
Ciro Alfonso Arevalo Yepes,,SUPLENTE PERSONAL,CASTILLA AGRICOLA S.A.
Eduardo Caicedo Lourido,,SUPLENTE PERSONAL,CASTILLA AGRICOLA S.A.
Federico José Holmann Sáenz,,SUPLENTE PERSONAL,CASTILLA AGRICOLA S.A.
Felipe Victoria Gonzalez,,PRINCIPAL,CASTILLA AGRICOLA S.A.
Maria Alejandra Cabal Gonzalez,,SUPLENTE PERSONAL,CASTILLA AGRICOLA S.A.
Rodrigo Caicedo Lourido,,PRINCIPAL,CASTILLA AGRICOLA S.A.
Sebastian Alvarez C.,,PRINCIPAL,CASTILLA AGRICOLA S.A.
Alejandro Piedrahita Borrero,,PRINCIPAL,CELSIA S.A. E.S.P.
David Yanovich Wancier,,PRINCIPAL,CELSIA S.A. E.S.P.
Eduardo Pizano De Narvaez,,PRINCIPAL,CELSIA S.A. E.S.P.
Gonzalo Alberto Perez Rojas,,PRINCIPAL,CELSIA S.A. E.S.P.
Jorge Mario Velasquez Jaramillo,,PRINCIPAL,CELSIA S.A. E.S.P.
Maria Fernanda Mejia Castro,,PRINCIPAL,CELSIA S.A. E.S.P.
María Luisa Mesa Zuleta,,PRINCIPAL,CELSIA S.A. E.S.P.
Alejandro Piedrahita Borrero,,PRINCIPAL,CEMENTOS ARGOS S.A.
Camilo Jose Abello Vives,,PRINCIPAL,CEMENTOS ARGOS S.A.
Carlos Gustavo Arrieta Padilla,,PRINCIPAL,CEMENTOS ARGOS S.A.
Cecilia Rodriguez Gonzalez Rubio,,PRINCIPAL,CEMENTOS ARGOS S.A.
Esteban Piedrahita Uribe,,PRINCIPAL,CEMENTOS ARGOS S.A.
Jorge Mario Velasquez Jaramillo,,PRINCIPAL - PRESIDENTE,CEMENTOS ARGOS S.A.
Leon Teicher Grauman,,PRINCIPAL,CEMENTOS ARGOS S.A.
Ana María Gómez Montes,,PRINCIPAL,CEMEX COLOMBIA S.A.
Francisco Aguilera Mendoza,,PRINCIPAL,CEMEX COLOMBIA S.A.
Jaime Muguiro Dominguez,,PRINCIPAL,CEMEX COLOMBIA S.A.
Jorge Alonso Torrado Angarita,,PRINCIPAL,CEMEX COLOMBIA S.A.
Juan Fernando Enriquez Martell,,PRINCIPAL,CEMEX COLOMBIA S.A.
Juan Pablo Pinzon Londoño,,PRINCIPAL,CEMEX COLOMBIA S.A.
Mariana Jaramillo,,PRINCIPAL,CEMEX COLOMBIA S.A.
Carmen Burgos Casas,,PRINCIPAL,CEMEX LATAM HOLDINGS S.A.
Coloma Armero Montes,,PRINCIPAL,CEMEX LATAM HOLDINGS S.A.
Jaime Muguiro Dominguez,,SUPLENTE PERSONAL,CEMEX LATAM HOLDINGS S.A.
Jose Luis Orti Garcia,,PRINCIPAL,CEMEX LATAM HOLDINGS S.A.
Juan Pablo San Agustin Rubio,,PRINCIPAL - PRESIDENTE,CEMEX LATAM HOLDINGS S.A.
Juan Pelegri Y Giron,,PRINCIPAL,CEMEX LATAM HOLDINGS S.A.
Monica Ines Maria Aparicio Smith,,PRINCIPAL,CEMEX LATAM HOLDINGS S.A.
Alonso Castillo Ortiz,,SUPLENTE PERSONAL,CENTRAL DE ABASTOS DE BUCARAMANGA S.A.
Carlos Eduardo Angulo Pereira,,PRINCIPAL,CENTRAL DE ABASTOS DE BUCARAMANGA S.A.
Gustavo Mendez Paredes,,PRINCIPAL,CENTRAL DE ABASTOS DE BUCARAMANGA S.A.
Humberto Ibañez Rosales,,SUPLENTE PERSONAL,CENTRAL DE ABASTOS DE BUCARAMANGA S.A.
Isabel Cristina Ramirez Botero,,SUPLENTE PERSONAL,CENTRAL DE ABASTOS DE BUCARAMANGA S.A.
Ivan Leonardo Neira Paez,,SUPLENTE PERSONAL,CENTRAL DE ABASTOS DE BUCARAMANGA S.A.
Jesus David Rincon Coral,,PRINCIPAL,CENTRAL DE ABASTOS DE BUCARAMANGA S.A.
Jesus Rodrigo Fernandez Fernandez,,SUPLENTE PERSONAL,CENTRAL DE ABASTOS DE BUCARAMANGA S.A.
Jose Antonio Villabona,,PRINCIPAL,CENTRAL DE ABASTOS DE BUCARAMANGA S.A.
Luis Armando Barrera Torres,,SUPLENTE PERSONAL,CENTRAL DE ABASTOS DE BUCARAMANGA S.A.
Mauricio Cuestas,,PRINCIPAL,CENTRAL DE ABASTOS DE BUCARAMANGA S.A.
Reinaldo Sanchez Gutierrez,,PRINCIPAL,CENTRAL DE ABASTOS DE BUCARAMANGA S.A.
Rodolfo Hernandez Suarez,,PRINCIPAL,CENTRAL DE ABASTOS DE BUCARAMANGA S.A.
Saul Ballesteros Ballesteros,,PRINCIPAL,CENTRAL DE ABASTOS DE BUCARAMANGA S.A.
Victor Guillermo Mecom,,PRINCIPAL - PRESIDENTE,CENTRAL DE ABASTOS DE BUCARAMANGA S.A.
Victoria Helena Perez Goelkel,,SUPLENTE PERSONAL,CENTRAL DE ABASTOS DE BUCARAMANGA S.A.
-,,-,CENTRALES DE TRANSPORTES S.A.
Fabio Fernando Martínez Parra,,SUPLENTE,CHEVRON PETROLEUM COMPANY
Hulett Robert Alexander,,PRINCIPAL,CHEVRON PETROLEUM COMPANY
Jaun Carlos Moreno Montero,,SUPLENTE,CHEVRON PETROLEUM COMPANY
Marcela Cardenas Cifuentes,,SUPLENTE,CHEVRON PETROLEUM COMPANY
Oscar Vesga Ardila,,SUPLENTE,CHEVRON PETROLEUM COMPANY
Alvaro Jaramillo Escallon,,PRINCIPAL,CITIBANK - COLOMBIA S.A.
Anabella Cano Russian,,SUPLENTE PERSONAL,CITIBANK - COLOMBIA S.A.
Eric Richard Mayer Pagan,,SUPLENTE PERSONAL,CITIBANK - COLOMBIA S.A.
Felipe Tirado Hoyos,,SUPLENTE PERSONAL,CITIBANK - COLOMBIA S.A.
Fuad Jorge Muvdi Arenas,,PRINCIPAL,CITIBANK - COLOMBIA S.A.
Gustavo Adolfo Martinez Ospina,,SUPLENTE PERSONAL,CITIBANK - COLOMBIA S.A.
Jaime Humberto Lopez Mesa,,PRINCIPAL,CITIBANK - COLOMBIA S.A.
Juan Pablo Michelsen Fonnegra,,PRINCIPAL,CITIBANK - COLOMBIA S.A.
Marcelo Atilio Gorrini,,PRINCIPAL,CITIBANK - COLOMBIA S.A.
María Luisa Peña Rodríguez,,SUPLENTE PERSONAL,CITIBANK - COLOMBIA S.A.
Camilo Alban Saldarriaga,,PRINCIPAL,CLINICA DE MARLY S.A.
Carlos Mendivelson Jaime,,PRINCIPAL,CLINICA DE MARLY S.A.
Carmen Teresa Mojica,,SUPLENTE PERSONAL,CLINICA DE MARLY S.A.
Eduardo Rodriguez Franco,,SUPLENTE PERSONAL,CLINICA DE MARLY S.A.
Francisco Jose Carreño Saldarriaga,,SUPLENTE PERSONAL,CLINICA DE MARLY S.A.
German Gomez Segura,,PRINCIPAL,CLINICA DE MARLY S.A.
Gilberto Rueda Perez,,SUPLENTE PERSONAL,CLINICA DE MARLY S.A.
Guillermo Benitez Ponton,,SUPLENTE PERSONAL,CLINICA DE MARLY S.A.
Guillermo Cristo Saldivia,,SUPLENTE PERSONAL,CLINICA DE MARLY S.A.
Jaime Concha Samper,,PRINCIPAL,CLINICA DE MARLY S.A.
Juan Bosco Eduardo Casas Sanz De Santamaria,,PRINCIPAL,CLINICA DE MARLY S.A.
Juan Carlos Tellez Rodriguez,,SUPLENTE PERSONAL,CLINICA DE MARLY S.A.
Luis Eduardo Cavelier Castro,,PRINCIPAL,CLINICA DE MARLY S.A.
Luz Emilia Rincon Rivera,,SUPLENTE PERSONAL,CLINICA DE MARLY S.A.
Manuel Rueda Salazar,,PRINCIPAL,CLINICA DE MARLY S.A.
Maria Cristina Cavelier Castro,,PRINCIPAL,CLINICA DE MARLY S.A.
Rafael Sarmiento Montero,,PRINCIPAL,CLINICA DE MARLY S.A.
Sergio Ocampo Cabal,,SUPLENTE PERSONAL,CLINICA DE MARLY S.A.
Alberto Alarcon French,,PRINCIPAL,CLUB DEL COMERCIO DE BUCARAMANGA S.A.
Carmen Alicia Remolina Puentes,,SUPLENTE PERSONAL,CLUB DEL COMERCIO DE BUCARAMANGA S.A.
Eduardo Mantilla Mantilla,,PRINCIPAL,CLUB DEL COMERCIO DE BUCARAMANGA S.A.
Elena Arenas De Ortiz,,SUPLENTE PERSONAL,CLUB DEL COMERCIO DE BUCARAMANGA S.A.
Ernesto Azuero Faillie,,PRINCIPAL,CLUB DEL COMERCIO DE BUCARAMANGA S.A.
Gomez Gomez Carlos Laberto,,PRINCIPAL,CLUB DEL COMERCIO DE BUCARAMANGA S.A.
Jorge Eliecer Azuero Diaz,,SUPLENTE PERSONAL,CLUB DEL COMERCIO DE BUCARAMANGA S.A.
Maria Amparo Arenas Serrano,,PRINCIPAL,CLUB DEL COMERCIO DE BUCARAMANGA S.A.
Miguel Angel Marquez Serrano,,SUPLENTE PERSONAL,CLUB DEL COMERCIO DE BUCARAMANGA S.A.
Ramon Eduardo Angarita Rodriguez,,SUPLENTE PERSONAL,CLUB DEL COMERCIO DE BUCARAMANGA S.A.
Alejandro Botero Valencia,,SUPLENTE PERSONAL,CODENSA S.A. E.S.P.
Andrés Baracaldo Sarmiento,,SUPLENTE PERSONAL,CODENSA S.A. E.S.P.
Andres Caldas Rico,,PRINCIPAL,CODENSA S.A. E.S.P.
Andres Lopez Valderrama,,PRINCIPAL,CODENSA S.A. E.S.P.
Carlos Mario Restrepo,,SUPLENTE PERSONAL,CODENSA S.A. E.S.P.
Daniel Rodríguez Rios,,SUPLENTE PERSONAL,CODENSA S.A. E.S.P.
Felipe Castilla,,PRINCIPAL,CODENSA S.A. E.S.P.
Gloria Astrid Alvarez Hernandez,,PRINCIPAL,CODENSA S.A. E.S.P.
Jose Antonio Vargas Lleras,,PRINCIPAL - PRESIDENTE,CODENSA S.A. E.S.P.
Juan Manuel Pardo Gomez,,SUPLENTE PERSONAL,CODENSA S.A. E.S.P.
Leonardo Lopez Vergara,,SUPLENTE PERSONAL,CODENSA S.A. E.S.P.
Lucio Rubio Diaz,,PRINCIPAL,CODENSA S.A. E.S.P.
Mario Antonio Cajiao Pedraza,,SUPLENTE PERSONAL,CODENSA S.A. E.S.P.
Alfonso Gómez Palacio,,PRINCIPAL - PRESIDENTE,COLOMBIA TELECOMUNICACIONES S.A. E.S.P.
Ariel Ricardo Pontón,,PRINCIPAL,COLOMBIA TELECOMUNICACIONES S.A. E.S.P.
Enrique Lloves Viera,,PRINCIPAL,COLOMBIA TELECOMUNICACIONES S.A. E.S.P.
Fabián Andrés Hernández Ramírez,,PRINCIPAL,COLOMBIA TELECOMUNICACIONES S.A. E.S.P.
Francisco Javier Azqueta Sánchez-Arjona,,PRINCIPAL,COLOMBIA TELECOMUNICACIONES S.A. E.S.P.
Gabriel Vallejo Torres,,PRINCIPAL,COLOMBIA TELECOMUNICACIONES S.A. E.S.P.
Martha Clemencia Cediel De Peña,,PRINCIPAL,COLOMBIA TELECOMUNICACIONES S.A. E.S.P.
Martha Elena Ruiz Diazgranados,,PRINCIPAL,COLOMBIA TELECOMUNICACIONES S.A. E.S.P.
Pedro Alberto Ramón Y Cajal Agueras,,PRINCIPAL,COLOMBIA TELECOMUNICACIONES S.A. E.S.P.
Sandra Milena Piñeros Calderon,,PRINCIPAL,COLOMBIA TELECOMUNICACIONES S.A. E.S.P.
Arturo Gomez Gomez,,PRINCIPAL,COLOMBINA S.A.
Belisario Caicedo Capurro,,PRINCIPAL,COLOMBINA S.A.
Carlos Andres Ospina C,,PRINCIPAL,COLOMBINA S.A.
Ernesto De Lima Bohmer,,SUPLENTE PERSONAL,COLOMBINA S.A.
Hernando Caicedo Rezic,,SUPLENTE PERSONAL,COLOMBINA S.A.
Hernando Caicedo Toro,,PRINCIPAL,COLOMBINA S.A.
Jacobo Tovar Caicedo,,SUPLENTE PERSONAL,COLOMBINA S.A.
Jacobo Tovar Delgado,,PRINCIPAL,COLOMBINA S.A.
Jorge A. Ogliastri M.,,SUPLENTE PERSONAL,COLOMBINA S.A.
Juan Guillermo Salazar Vallecilla,,SUPLENTE PERSONAL,COLOMBINA S.A.
Juan Manuel Caicedo Capurro,,PRINCIPAL,COLOMBINA S.A.
Juan Ramón Guzmán Sánchez,,SUPLENTE PERSONAL,COLOMBINA S.A.
Juliana Gómez Caicedo,,SUPLENTE PERSONAL,COLOMBINA S.A.
Marco A Caicedo Jaramillo,,PRINCIPAL,COLOMBINA S.A.
Maria Elvira Dominguez Lloreda,,SUPLENTE PERSONAL,COLOMBINA S.A.
Mauricio Caicedo A.,,SUPLENTE PERSONAL,COLOMBINA S.A.
Patricia Caicedo J.,,PRINCIPAL,COLOMBINA S.A.
Sebastian Alvarez C.,,PRINCIPAL,COLOMBINA S.A.
Alfredo Hernando Osuna,,PRINCIPAL,COLTEFINANCIERA S.A. COMPAÑIA DE FINANCIAMIENTO COMERCIAL
Gilda Esther Pabón Gudiño,,PRINCIPAL,COLTEFINANCIERA S.A. COMPAÑIA DE FINANCIAMIENTO COMERCIAL
Hector Jorge Camargo Salgar,,PRINCIPAL,COLTEFINANCIERA S.A. COMPAÑIA DE FINANCIAMIENTO COMERCIAL
Jaime Antonio Castillo Ledesma,,PRINCIPAL,COLTEFINANCIERA S.A. COMPAÑIA DE FINANCIAMIENTO COMERCIAL
Mario Acevedo Trujillo,,PRINCIPAL,COLTEFINANCIERA S.A. COMPAÑIA DE FINANCIAMIENTO COMERCIAL
Mashud Alberto Mezerhane Blasini,,PRINCIPAL,COLTEFINANCIERA S.A. COMPAÑIA DE FINANCIAMIENTO COMERCIAL
Nelson José Mezerhane Gosen,,PRINCIPAL,COLTEFINANCIERA S.A. COMPAÑIA DE FINANCIAMIENTO COMERCIAL
Ana Maria Giraldo Mira,,PRINCIPAL,COLTEJER S.A.
Carlos Andres Angel Arango,,PRINCIPAL,COLTEJER S.A.
Fabio Alberto Bernal Pelaez,,PRINCIPAL,COLTEJER S.A.
Juan David Uribe Correa,,PRINCIPAL,COLTEJER S.A.
Rafael M Kalach,,PRINCIPAL - PRESIDENTE,COLTEJER S.A.
Alberto De La Cruz García,,SUPLENTE PERSONAL,COMPAÑIA DE ELECTRICIDAD TULUA S.A. E.S.P.
Carlos Alberto Salcedo,,PRINCIPAL,COMPAÑIA DE ELECTRICIDAD TULUA S.A. E.S.P.
Francisco Jose Estrada Serrano,,PRINCIPAL,COMPAÑIA DE ELECTRICIDAD TULUA S.A. E.S.P.
Gerardo Cabrera,,PRINCIPAL,COMPAÑIA DE ELECTRICIDAD TULUA S.A. E.S.P.
Gonzalo Lopez Arango,,PRINCIPAL,COMPAÑIA DE ELECTRICIDAD TULUA S.A. E.S.P.
Hector Fabio Marin Oviedo,,SUPLENTE PERSONAL,COMPAÑIA DE ELECTRICIDAD TULUA S.A. E.S.P.
Jaime Sanclemente Aulestia,,SUPLENTE PERSONAL,COMPAÑIA DE ELECTRICIDAD TULUA S.A. E.S.P.
Janeth Patricia Aparicio Aparicio,,SUPLENTE PERSONAL,COMPAÑIA DE ELECTRICIDAD TULUA S.A. E.S.P.
Javier Salcedo Rivera,,SUPLENTE PERSONAL,COMPAÑIA DE ELECTRICIDAD TULUA S.A. E.S.P.
Jose Nicolas Urdinola Calero,,PRINCIPAL,COMPAÑIA DE ELECTRICIDAD TULUA S.A. E.S.P.
Luis Carlos Valenzuela Delgado,,SUPLENTE PERSONAL,COMPAÑIA DE ELECTRICIDAD TULUA S.A. E.S.P.
Luis Felipe Vélez Restrepo,,PRINCIPAL,COMPAÑIA DE ELECTRICIDAD TULUA S.A. E.S.P.
María Fernanda Nuñez,,PRINCIPAL,COMPAÑIA DE ELECTRICIDAD TULUA S.A. E.S.P.
Mauricio Gonzalez Salcedo,,SUPLENTE PERSONAL,COMPAÑIA DE ELECTRICIDAD TULUA S.A. E.S.P.
Olga Cecilia Rangel,,SUPLENTE PERSONAL,COMPAÑIA DE ELECTRICIDAD TULUA S.A. E.S.P.
Oskar Eduardo Zorrilla Ramirez,,SUPLENTE PERSONAL,COMPAÑIA DE ELECTRICIDAD TULUA S.A. E.S.P.
Ramiro Alvare Materon,,PRINCIPAL,COMPAÑIA DE ELECTRICIDAD TULUA S.A. E.S.P.
Rodrigo Restrepo Delgado,,PRINCIPAL,COMPAÑIA DE ELECTRICIDAD TULUA S.A. E.S.P.
Santiago Arango Trujillo,,PRINCIPAL,COMPAÑIA DE ELECTRICIDAD TULUA S.A. E.S.P.
Santiago Salcedo Borrero,,SUPLENTE PERSONAL,COMPAÑIA DE ELECTRICIDAD TULUA S.A. E.S.P.
Fabio Andres Saldarriaga Sanin,,PRINCIPAL - PRESIDENTE,COMPAÑIA DE EMPAQUES S.A.
Gabriel María Eugenio Restrepo Santamaría,,PRINCIPAL,COMPAÑIA DE EMPAQUES S.A.
Guillermo Guitierrez,,PRINCIPAL,COMPAÑIA DE EMPAQUES S.A.
Ignacio Velez Londoño,,PRINCIPAL,COMPAÑIA DE EMPAQUES S.A.
Luis Fernando Montoya M.,,PRINCIPAL,COMPAÑIA DE EMPAQUES S.A.
Carlos Mario Diez Gomez,,PRINCIPAL,COMPAÑIA DE FINANCIAMIENTO TUYA S.A.
Cipriano Lopez Gonzalez,,PRINCIPAL,COMPAÑIA DE FINANCIAMIENTO TUYA S.A.
Diego Medina Leal,,PRINCIPAL,COMPAÑIA DE FINANCIAMIENTO TUYA S.A.
Juan Luis Aristizabal Velez,,PRINCIPAL,COMPAÑIA DE FINANCIAMIENTO TUYA S.A.
Luz Maria Velasquez Zapata,,PRINCIPAL,COMPAÑIA DE FINANCIAMIENTO TUYA S.A.
Manfred Heinrich Gartz Moises,,PRINCIPAL,COMPAÑIA DE FINANCIAMIENTO TUYA S.A.
Maria Cristina Arrastia Uribe,,PRINCIPAL,COMPAÑIA DE FINANCIAMIENTO TUYA S.A.
-,,-,COMPARTIMENTO 08 FCP INVERSIONES GANADERAS
-,,-,COMPARTIMENTO 1 - SUBCOMPARTIMENTO 1 FONDO DE CAPITAL PRIVADO BROOKFIELD COLOMBIA
-,,-,COMPARTIMENTO 1 - SUBCOMPARTIMENTO 2 FONDO DE CAPITAL PRIVADO BROOKFIELD COLOMBIA
-,,-,COMPARTIMENTO 2 TERMINALES LOGISTICOS DE COLOMBIA BOGOTA (TLC) FONDO DE CAPITAL PRIVADO VALOR INMOBILIARIO
-,,-,COMPARTIMENTO 3 CODAD S.A. - FONDO DE CAPITAL PRIVADO FONDO DE CO-INVERSION CON EL FONDO DE INFRAESTRUCTURA COLOMBIA ASHMORE I
-,,-,COMPARTIMENTO 4 FONDO DE CAPITAL PRIVADO VALOR INMOBILIARIO-SENIOR CAPITAL
-,,-,COMPARTIMENTO A - FONDO DE CAPITAL PRIVADO AVENIDA COLOMBIA PEF
-,,-,COMPARTIMENTO A - FONDO DE CAPITAL PRIVADO ENERGETICO ANDINO
-,,-,COMPARTIMENTO A FONDO DE CAPITAL PRIVADO TRIBECA NATURAL RESOURCES
-,,-,COMPARTIMENTO A- FONDO DE CAPITAL PRIVADO TC LATAM
-,,-,COMPARTIMENTO AI DEL FONDO DE CAPITAL PRIVADO YELLOWSTONE CAPITAL FUND I
-,,-,COMPARTIMENTO ALIMENTOS VALUARY - FONDO DE CAPITAL PRIVADO EXPANSION VALORAR FUTURO
-,,-,COMPARTIMENTO B - FONDO DE CAPITAL PRIVADO AVENIDA COLOMBIA PEF
-,,-,COMPARTIMENTO B - FONDO DE CAPITAL PRIVADO TC LATAM
-,,-,COMPARTIMENTO B FONDO DE CAPITAL PRIVADO ENERGETICO ANDINO
-,,-,COMPARTIMENTO B FONDO DE CAPITAL PRIVADO TRIBECA NATURAL RESOURCES
-,,-,COMPARTIMENTO C - FONDO DE CAPITAL PRIVADO ENERGETICO ANDINO
-,,-,CONFIAR COOPERATIVA FINANCIERA
Alberto Jose Otoya Villegas,,PRINCIPAL,CONSTRUCCIONES CIVILES S.A. EN REORGANIZACION
Eduardo Otoya Villegas,,PRINCIPAL,CONSTRUCCIONES CIVILES S.A. EN REORGANIZACION
Fernando De Francisco Reyes,,PRINCIPAL,CONSTRUCCIONES CIVILES S.A. EN REORGANIZACION
Maria Paula Vega Arboleda,,PRINCIPAL,CONSTRUCCIONES CIVILES S.A. EN REORGANIZACION
Oscar Dario Morales Rivera,,PRINCIPAL,CONSTRUCCIONES CIVILES S.A. EN REORGANIZACION
Alejandro Correa Restrepo,,PRINCIPAL,CONSTRUCCIONES EL CONDOR S.A.
Claudia Patricia Echavarria Uribe,,PRINCIPAL,CONSTRUCCIONES EL CONDOR S.A.
Jairo Gonzalez Gomez,,PRINCIPAL,CONSTRUCCIONES EL CONDOR S.A.
Jose Jairo Correa Gomez,,PRINCIPAL,CONSTRUCCIONES EL CONDOR S.A.
Juan Felipe Gaviria Gutiérrez,,PRINCIPAL,CONSTRUCCIONES EL CONDOR S.A.
Luis Fernando Perez Cardona,,PRINCIPAL,CONSTRUCCIONES EL CONDOR S.A.
Oscar Antonio Echeverri Restrepo,,PRINCIPAL,CONSTRUCCIONES EL CONDOR S.A.
Alvaro Jaramillo Buitrago,,PRINCIPAL,CONSTRUCTORA CONCONCRETO S.A.
Bruno Dupety,,PRINCIPAL,CONSTRUCTORA CONCONCRETO S.A.
Carlos Eduardo Restrepo Mora,,PRINCIPAL,CONSTRUCTORA CONCONCRETO S.A.
Jaime Alberto Angel Mejia,,PRINCIPAL,CONSTRUCTORA CONCONCRETO S.A.
Jose Alejandro Gomez Mesa,,PRINCIPAL,CONSTRUCTORA CONCONCRETO S.A.
Jose Mario Aristizabal Correa,,PRINCIPAL,CONSTRUCTORA CONCONCRETO S.A.
Luis Fernando Restrepo Echavarria,,PRINCIPAL,CONSTRUCTORA CONCONCRETO S.A.
Nora Cecilia Aristizabal Lopez,,PRINCIPAL,CONSTRUCTORA CONCONCRETO S.A.
Ricardo Sierra Moreno,,PRINCIPAL,CONSTRUCTORA CONCONCRETO S.A.
Richard Francioli,,PRINCIPAL,CONSTRUCTORA CONCONCRETO S.A.
Alfredo Arana Velasco,,PRINCIPAL,COOMEVA ENTIDAD PROMOTORA DE SALUD S.A.
Carlos Alberto Gonzalez Ossa,,PRINCIPAL,COOMEVA ENTIDAD PROMOTORA DE SALUD S.A.
Celestino Arango Cano,,PRINCIPAL,COOMEVA ENTIDAD PROMOTORA DE SALUD S.A.
Cesar Augusto Gonzalez Giraldo,,PRINCIPAL,COOMEVA ENTIDAD PROMOTORA DE SALUD S.A.
Juan Carlos Ángel Marulanda,,PRINCIPAL,COOMEVA ENTIDAD PROMOTORA DE SALUD S.A.
Juan Carlos Botero Salazar,,PRINCIPAL,COOMEVA ENTIDAD PROMOTORA DE SALUD S.A.
Leon Dario Villa Villa,,PRINCIPAL,COOMEVA ENTIDAD PROMOTORA DE SALUD S.A.
Uriel Cruz Vega,,PRINCIPAL,COOMEVA ENTIDAD PROMOTORA DE SALUD S.A.
Wilson Sánchez Hernández,,PRINCIPAL,COOMEVA ENTIDAD PROMOTORA DE SALUD S.A.
-,,-,COOPERATIVA FINANCIERA COTRAFA
Adriana Cuervo Maya,,PRINCIPAL,COOPERATIVA FINANCIERA JOHN F. KENNEDY LTDA
Aicardo Quintero Castaño,,PRINCIPAL,COOPERATIVA FINANCIERA JOHN F. KENNEDY LTDA
Alfa Irene Casas Mejía,,SUPLENTE PERSONAL,COOPERATIVA FINANCIERA JOHN F. KENNEDY LTDA
Ana Maria Ramirez Giraldo,,PRINCIPAL,COOPERATIVA FINANCIERA JOHN F. KENNEDY LTDA
Dora Cecilia Peña Zapata,,PRINCIPAL,COOPERATIVA FINANCIERA JOHN F. KENNEDY LTDA
Gloria Amparo Hoyos Gomez,,SUPLENTE PERSONAL,COOPERATIVA FINANCIERA JOHN F. KENNEDY LTDA
Hernando De Jesus Lopera Moreno,,PRINCIPAL,COOPERATIVA FINANCIERA JOHN F. KENNEDY LTDA
Humberto Machado Andrade,,PRINCIPAL - PRESIDENTE,COOPERATIVA FINANCIERA JOHN F. KENNEDY LTDA
Joaquin Elceario Rojas Castaño,,PRINCIPAL,COOPERATIVA FINANCIERA JOHN F. KENNEDY LTDA
Luz Esneda Marin Calderon,,SUPLENTE PERSONAL,COOPERATIVA FINANCIERA JOHN F. KENNEDY LTDA
Maria Victoria Ruiz Lopez,,PRINCIPAL,COOPERATIVA FINANCIERA JOHN F. KENNEDY LTDA
Rafael Enrique Gonzalez,,SUPLENTE PERSONAL,COOPERATIVA FINANCIERA JOHN F. KENNEDY LTDA
-,,-,CORPORACION ANDINA DE FOMENTO
Avila Pinto Ricardo,,SUPLENTE PERSONAL,CORPORACION DE FERIAS Y EXPOSICIONES S.A. USUARIO OPERADOR DE ZONA FRANCA
Enrique Vargas Lleras,,PRINCIPAL,CORPORACION DE FERIAS Y EXPOSICIONES S.A. USUARIO OPERADOR DE ZONA FRANCA
Gonzalo Echeverry Garzon,,PRINCIPAL,CORPORACION DE FERIAS Y EXPOSICIONES S.A. USUARIO OPERADOR DE ZONA FRANCA
Jaime Alfonso Mantilla Garcia,,PRINCIPAL - PRESIDENTE,CORPORACION DE FERIAS Y EXPOSICIONES S.A. USUARIO OPERADOR DE ZONA FRANCA
Jaime Gilberto Gómez Arango,,SUPLENTE PERSONAL,CORPORACION DE FERIAS Y EXPOSICIONES S.A. USUARIO OPERADOR DE ZONA FRANCA
Jose Blackburn Cortes,,PRINCIPAL,CORPORACION DE FERIAS Y EXPOSICIONES S.A. USUARIO OPERADOR DE ZONA FRANCA
Juan David Angel Botero,,SUPLENTE PERSONAL,CORPORACION DE FERIAS Y EXPOSICIONES S.A. USUARIO OPERADOR DE ZONA FRANCA
Juan Diego Trujillo Mejia,,SUPLENTE PERSONAL,CORPORACION DE FERIAS Y EXPOSICIONES S.A. USUARIO OPERADOR DE ZONA FRANCA
Juan Luis Hernandez Celis,,PRINCIPAL,CORPORACION DE FERIAS Y EXPOSICIONES S.A. USUARIO OPERADOR DE ZONA FRANCA
Leonor Serrano De Camargo,,SUPLENTE PERSONAL,CORPORACION DE FERIAS Y EXPOSICIONES S.A. USUARIO OPERADOR DE ZONA FRANCA
Luis Fernando Angel Moreno,,SUPLENTE PERSONAL,CORPORACION DE FERIAS Y EXPOSICIONES S.A. USUARIO OPERADOR DE ZONA FRANCA
Maria Del Rosario Sintes Ulloa,,PRINCIPAL,CORPORACION DE FERIAS Y EXPOSICIONES S.A. USUARIO OPERADOR DE ZONA FRANCA
Martha Yaneth Veleño Quintero,,SUPLENTE PERSONAL,CORPORACION DE FERIAS Y EXPOSICIONES S.A. USUARIO OPERADOR DE ZONA FRANCA
Monica De Greiff Lindo,,PRINCIPAL,CORPORACION DE FERIAS Y EXPOSICIONES S.A. USUARIO OPERADOR DE ZONA FRANCA
Sandra Rocio Neira Lievano,,SUPLENTE PERSONAL,CORPORACION DE FERIAS Y EXPOSICIONES S.A. USUARIO OPERADOR DE ZONA FRANCA
Alejandro Augusto Figueroa Jaramillo,,PRINCIPAL,CORPORACION FINANCIERA COLOMBIANA S.A.
Alvaro De Jesus Velasquez Cock,,SUPLENTE PERSONAL,CORPORACION FINANCIERA COLOMBIANA S.A.
Carlos Arcesio Paz Bautista,,PRINCIPAL,CORPORACION FINANCIERA COLOMBIANA S.A.
Carlos Eduardo Upegui Cuartas,,PRINCIPAL,CORPORACION FINANCIERA COLOMBIANA S.A.
César Prado Villegas,,PRINCIPAL,CORPORACION FINANCIERA COLOMBIANA S.A.
Efrain Otero Alvarez,,SUPLENTE PERSONAL,CORPORACION FINANCIERA COLOMBIANA S.A.
Gabriel Turbay Marulanda,,PRINCIPAL,CORPORACION FINANCIERA COLOMBIANA S.A.
Jorge Ivan Villegas Montoya,,SUPLENTE PERSONAL,CORPORACION FINANCIERA COLOMBIANA S.A.
Juan Guillermo Serna Valencia,,PRINCIPAL,CORPORACION FINANCIERA COLOMBIANA S.A.
Juan Maria Robledo Uribe,,SUPLENTE PERSONAL,CORPORACION FINANCIERA COLOMBIANA S.A.
Luis Carlos Gómez Charria,,SUPLENTE PERSONAL,CORPORACION FINANCIERA COLOMBIANA S.A.
Luis Carlos Sarmiento Gutierrez,,PRINCIPAL,CORPORACION FINANCIERA COLOMBIANA S.A.
Santiago Madriñan De La Torre,,SUPLENTE PERSONAL,CORPORACION FINANCIERA COLOMBIANA S.A.
Tatiana Uribe Benninghoff,,SUPLENTE PERSONAL,CORPORACION FINANCIERA COLOMBIANA S.A.
-,,-,CORPORACION FINANCIERA INTERNACIONAL
-,,-,CREDIFAMILIA COMPAÑIA DE FINANCIAMIENTO COMERCIAL
-,,-,CREDITOS Y AHORRO CREDIFINANCIERA S.A. COMPAÑIA DE FINANCIAMIENTO
-,,-,DEPARTAMENTO DE CUNDINAMARCA
Cecilia Maya Ochoa,,PRINCIPAL,DERIVEX S.A.
Celso Guevara Cruz,,SUPLENTE PERSONAL,DERIVEX S.A.
Gloria Cecilia Velasquez Mejia,,SUPLENTE PERSONAL,DERIVEX S.A.
Jorge Hernán Jaramillo Ossa,,PRINCIPAL,DERIVEX S.A.
Louis Francois Kleyn López,,PRINCIPAL,DERIVEX S.A.
Maria Nohemi Arboleda Arango,,PRINCIPAL,DERIVEX S.A.
Martha Maria Gil Zapata,,SUPLENTE PERSONAL,DERIVEX S.A.
Monica Adriana Vergara Torres,,SUPLENTE PERSONAL,DERIVEX S.A.
Nicolas Eduardo Mayorga Mora,,PRINCIPAL,DERIVEX S.A.
Sandra Maria Rios Gonzalez,,SUPLENTE PERSONAL,DERIVEX S.A.
Camilo Alfonso Barco Muñoz,,PRINCIPAL,ECOPETROL S.A.
Carlos Cure Cure,,PRINCIPAL,ECOPETROL S.A.
Carlos Gustavo Cano Sanz,,PRINCIPAL,ECOPETROL S.A.
Claudia Isabel Gonzalez Sanchez,,PRINCIPAL,ECOPETROL S.A.
Hernando Ramírez Plazas,,PRINCIPAL,ECOPETROL S.A.
Jaime Ardila Gómez,,PRINCIPAL,ECOPETROL S.A.
Joaquin Moreno,,PRINCIPAL,ECOPETROL S.A.
Jorge Londoño Saldarriaga,,PRINCIPAL,ECOPETROL S.A.
Mauricio Cabrera Galvis,,PRINCIPAL,ECOPETROL S.A.
Alvaro Villasante Losada,,SUPLENTE PERSONAL,EMGESA S.A. E.S.P.
Andres Caldas Rico,,PRINCIPAL,EMGESA S.A. E.S.P.
Camila Merizalde Arico,,SUPLENTE PERSONAL,EMGESA S.A. E.S.P.
Diana Marcela Jimenez Rodriguez,,SUPLENTE PERSONAL,EMGESA S.A. E.S.P.
Fernando Javier Gutierrez Medina,,SUPLENTE PERSONAL,EMGESA S.A. E.S.P.
Gloria Astrid Alvarez Hernandez,,PRINCIPAL,EMGESA S.A. E.S.P.
Jose Antonio Vargas Lleras,,PRINCIPAL - PRESIDENTE,EMGESA S.A. E.S.P.
Lucio Rubio Diaz,,PRINCIPAL,EMGESA S.A. E.S.P.
Luis Fernando Alarcon Mantilla,,PRINCIPAL,EMGESA S.A. E.S.P.
Luisa Fernanda Lafaurie Rivera,,PRINCIPAL,EMGESA S.A. E.S.P.
Maria Paula Camacho Rozo,,SUPLENTE PERSONAL,EMGESA S.A. E.S.P.
Michele Di Murro,,SUPLENTE PERSONAL,EMGESA S.A. E.S.P.
Rodrigo Hernán Galarza Naranjo,,SUPLENTE PERSONAL,EMGESA S.A. E.S.P.
Alberto Carvajal Cabal,,SUPLENTE PERSONAL,EMPRESA DE ENERGIA DEL PACIFICO S.A. E.S.P.
Ana Mercedes Villegas Mejia,,PRINCIPAL,EMPRESA DE ENERGIA DEL PACIFICO S.A. E.S.P.
Antonio De Roux R.,,PRINCIPAL,EMPRESA DE ENERGIA DEL PACIFICO S.A. E.S.P.
Beatriz Eugenia Vélez Vengoechea,,PRINCIPAL,EMPRESA DE ENERGIA DEL PACIFICO S.A. E.S.P.
Gustavo Adolfo Jaramillo Velasquez,,PRINCIPAL,EMPRESA DE ENERGIA DEL PACIFICO S.A. E.S.P.
Jorge Andrés Betancourt Toro,,SUPLENTE PERSONAL,EMPRESA DE ENERGIA DEL PACIFICO S.A. E.S.P.
Julian Fernando Vernaza Alhach,,SUPLENTE PERSONAL,EMPRESA DE ENERGIA DEL PACIFICO S.A. E.S.P.
Juliana Matallana Correa,,SUPLENTE PERSONAL,EMPRESA DE ENERGIA DEL PACIFICO S.A. E.S.P.
Luisa Fernanda Trujillo Nieto,,SUPLENTE PERSONAL,EMPRESA DE ENERGIA DEL PACIFICO S.A. E.S.P.
Martha Elena Arboleda Roman,,SUPLENTE PERSONAL,EMPRESA DE ENERGIA DEL PACIFICO S.A. E.S.P.
Miguel Piedrahíta Soto,,PRINCIPAL,EMPRESA DE ENERGIA DEL PACIFICO S.A. E.S.P.
Pablo Emilio Arroyave Fernández,,SUPLENTE PERSONAL,EMPRESA DE ENERGIA DEL PACIFICO S.A. E.S.P.
Ruben Dario Materon Muñoz,,PRINCIPAL,EMPRESA DE ENERGIA DEL PACIFICO S.A. E.S.P.
Sergio Andres Osorio Hurtado,,PRINCIPAL - PRESIDENTE,EMPRESA DE ENERGIA DEL PACIFICO S.A. E.S.P.
Alexandra Rojas Lopera,,PRINCIPAL,EMPRESA DE TELECOMUNICACIONES DE BOGOTA S.A. ESP
Beatriz Elena Arbelaez Martinez,,PRINCIPAL,EMPRESA DE TELECOMUNICACIONES DE BOGOTA S.A. ESP
Cristina Velez Valencia,,SUPLENTE PERSONAL,EMPRESA DE TELECOMUNICACIONES DE BOGOTA S.A. ESP
Edgardo Rafael Oñoro Martinez,,SUPLENTE PERSONAL,EMPRESA DE TELECOMUNICACIONES DE BOGOTA S.A. ESP
Freddy Hernando Castro Badillo,,SUPLENTE PERSONAL,EMPRESA DE TELECOMUNICACIONES DE BOGOTA S.A. ESP
Gisele Manrique Vaca,,PRINCIPAL,EMPRESA DE TELECOMUNICACIONES DE BOGOTA S.A. ESP
Hector Mauricio Escobar Hurtado,,SUPLENTE PERSONAL,EMPRESA DE TELECOMUNICACIONES DE BOGOTA S.A. ESP
Helena Garcia Romero,,SUPLENTE PERSONAL,EMPRESA DE TELECOMUNICACIONES DE BOGOTA S.A. ESP
María Claudia Correa Ordoñez,,PRINCIPAL,EMPRESA DE TELECOMUNICACIONES DE BOGOTA S.A. ESP
Maria Consuelo Araujo Castro,,PRINCIPAL,EMPRESA DE TELECOMUNICACIONES DE BOGOTA S.A. ESP
Mario Pacheco,,PRINCIPAL,EMPRESA DE TELECOMUNICACIONES DE BOGOTA S.A. ESP
Oscar Edmundo Diaz Molina,,SUPLENTE PERSONAL,EMPRESA DE TELECOMUNICACIONES DE BOGOTA S.A. ESP
Romero Raad Richard Ernesto,,SUPLENTE PERSONAL,EMPRESA DE TELECOMUNICACIONES DE BOGOTA S.A. ESP
Sylvia Escobar Gomez,,PRINCIPAL,EMPRESA DE TELECOMUNICACIONES DE BOGOTA S.A. ESP
Alberto Arroyave Lema,,PRINCIPAL,EMPRESAS PUBLICAS DE MEDELLIN E.S.P.
Andres Bernal Correa,,PRINCIPAL,EMPRESAS PUBLICAS DE MEDELLIN E.S.P.
Carlos Raul Yepes Jimenez,,PRINCIPAL,EMPRESAS PUBLICAS DE MEDELLIN E.S.P.
Claudia Jiménez Jaramillo,,PRINCIPAL,EMPRESAS PUBLICAS DE MEDELLIN E.S.P.
Elena Rico Villegas,,PRINCIPAL,EMPRESAS PUBLICAS DE MEDELLIN E.S.P.
Federico Andres Gutierrez Zuluaga,,PRINCIPAL - PRESIDENTE,EMPRESAS PUBLICAS DE MEDELLIN E.S.P.
Gabriel Ricardo Maya Maya,,PRINCIPAL,EMPRESAS PUBLICAS DE MEDELLIN E.S.P.
Javier Genaro Gutiérrez Pemberthy,,PRINCIPAL,EMPRESAS PUBLICAS DE MEDELLIN E.S.P.
Manuel Santiago Mejía,,PRINCIPAL,EMPRESAS PUBLICAS DE MEDELLIN E.S.P.
Alejandro Sanin Campillo,,PRINCIPAL,ENKA DE COLOMBIA S.A.
Ana Maria Giraldo Mira,,PRINCIPAL,ENKA DE COLOMBIA S.A.
Dario Fernando Gutierrez Cuartas,,PRINCIPAL,ENKA DE COLOMBIA S.A.
Diego Andres Restrepo Rada,,PRINCIPAL,ENKA DE COLOMBIA S.A.
Jean Pierre Serani Toro,,PRINCIPAL,ENKA DE COLOMBIA S.A.
Jorge Mario Valderrama,,PRINCIPAL,ENKA DE COLOMBIA S.A.
Rafael Ignacio Posada Peláez,,PRINCIPAL,ENKA DE COLOMBIA S.A.
Alejandro Revollo Rueda,,PRINCIPAL,FABRICATO S.A.
Carlos Andres Piedrahita Tello,,SUPLENTE PERSONAL,FABRICATO S.A.
Carlos Santiago Restrepo Posada,,SUPLENTE PERSONAL,FABRICATO S.A.
Federico Molina Soto,,SUPLENTE PERSONAL,FABRICATO S.A.
Gilberto Restrepo Vasquez,,PRINCIPAL - PRESIDENTE,FABRICATO S.A.
Karen Brazdys Villegas,,PRINCIPAL,FABRICATO S.A.
Luis Fernando Arango Arango,,PRINCIPAL,FABRICATO S.A.
Mauricio Cabrera Galvis,,PRINCIPAL,FABRICATO S.A.
Ricardo Toro Ludeke,,SUPLENTE PERSONAL,FABRICATO S.A.
Roberto Arango Delgado,,SUPLENTE PERSONAL,FABRICATO S.A.
-,,-,FCP COMP. CP VAL SECTOR HIDROCARBUROS
-,,-,FCP COMP.SUBFONDO A TRANSANDINO COLOMBIA EN LIQUIDACION
-,,-,FCP FONDO DE CAPITAL PRIVADO FG
-,,-,FIC CERRADO FONVAL DERECHOS ECONOMICOS 2020
-,,-,FID. OIKOS COLMENA PARQUE IND DE OCCIDENT
-,,-,FIDEIC. TIT. DE INVER. INMOB. OIKOS UNICENTRO
-,,-,FIDUCIARIA CORFICOLOMBIANA SA.- PA HOMECENTER
Aquiles Mercado Gonzalez,,PRINCIPAL,FINANCIERA DANN REGIONAL COMPAÑIA DE FINANCIAMIENTO S.A.
Bernardo Dyner Rezonzew,,PRINCIPAL,FINANCIERA DANN REGIONAL COMPAÑIA DE FINANCIAMIENTO S.A.
Carlos Alberto Robles Echavarria,,SUPLENTE PERSONAL,FINANCIERA DANN REGIONAL COMPAÑIA DE FINANCIAMIENTO S.A.
Edgar Alfredo Garzon Saboya,,PRINCIPAL,FINANCIERA DANN REGIONAL COMPAÑIA DE FINANCIAMIENTO S.A.
Fabio Andres Saldarriaga Sanin,,PRINCIPAL,FINANCIERA DANN REGIONAL COMPAÑIA DE FINANCIAMIENTO S.A.
Gabriel Ernesto Aristizábal Betancourt,,SUPLENTE PERSONAL,FINANCIERA DANN REGIONAL COMPAÑIA DE FINANCIAMIENTO S.A.
Juan Carlos Uribe López,,SUPLENTE PERSONAL,FINANCIERA DANN REGIONAL COMPAÑIA DE FINANCIAMIENTO S.A.
Patricia Herrera Paba,,SUPLENTE PERSONAL,FINANCIERA DANN REGIONAL COMPAÑIA DE FINANCIAMIENTO S.A.
Alvaro Julio Rodriguez Perez,,SUPLENTE PERSONAL,FINANCIERA DE DESARROLLO TERRITORIAL S.A.
Ana Lucia Villa Arcila,,PRINCIPAL,FINANCIERA DE DESARROLLO TERRITORIAL S.A.
Carlos Eduardo Osorio Buritica,,SUPLENTE PERSONAL,FINANCIERA DE DESARROLLO TERRITORIAL S.A.
Cesar Laureano Negret Mosquera,,PRINCIPAL,FINANCIERA DE DESARROLLO TERRITORIAL S.A.
Eduardo Ignacio Verano De La Rosa,,PRINCIPAL,FINANCIERA DE DESARROLLO TERRITORIAL S.A.
Francisco De Paula Estupiñan Heredia,,SUPLENTE PERSONAL,FINANCIERA DE DESARROLLO TERRITORIAL S.A.
Judith Millan Duran,,SUPLENTE PERSONAL,FINANCIERA DE DESARROLLO TERRITORIAL S.A.
Karen Cecilia Abudinen Abuchaibe,,SUPLENTE PERSONAL,FINANCIERA DE DESARROLLO TERRITORIAL S.A.
Sandra Milena Piñeros Calderon,,PRINCIPAL,FINANCIERA DE DESARROLLO TERRITORIAL S.A.
Carlos Enrique Másmela Gonzáles,,SUPLENTE PERSONAL,FINANCIERA JURISCOOP S.A. COMPAÑIA DE FINANCIAMIENTO
Fabio Chavarro Gonzalez,,PRINCIPAL,FINANCIERA JURISCOOP S.A. COMPAÑIA DE FINANCIAMIENTO
Gustavo Adolfo Sintes Ulloa,,PRINCIPAL,FINANCIERA JURISCOOP S.A. COMPAÑIA DE FINANCIAMIENTO
Gustavo Zuñiga Cordoba,,PRINCIPAL,FINANCIERA JURISCOOP S.A. COMPAÑIA DE FINANCIAMIENTO
Isnardo Rueda Pimiento,,PRINCIPAL,FINANCIERA JURISCOOP S.A. COMPAÑIA DE FINANCIAMIENTO
Jaime De Gamboa Gamboa,,PRINCIPAL,FINANCIERA JURISCOOP S.A. COMPAÑIA DE FINANCIAMIENTO
Jorge Eliecer Cruz Ortiz,,SUPLENTE PERSONAL,FINANCIERA JURISCOOP S.A. COMPAÑIA DE FINANCIAMIENTO
Juan De Jesus Becerra Chaparro,,SUPLENTE PERSONAL,FINANCIERA JURISCOOP S.A. COMPAÑIA DE FINANCIAMIENTO
Juan Manuel Iguaran Mendoza,,PRINCIPAL,FINANCIERA JURISCOOP S.A. COMPAÑIA DE FINANCIAMIENTO
Leonardo Omar Martinez Rivas,,PRINCIPAL,FINANCIERA JURISCOOP S.A. COMPAÑIA DE FINANCIAMIENTO
Lida Yadira Bernal Mateus,,SUPLENTE PERSONAL,FINANCIERA JURISCOOP S.A. COMPAÑIA DE FINANCIAMIENTO
Nury Marleni Herrera Arenales,,SUPLENTE PERSONAL,FINANCIERA JURISCOOP S.A. COMPAÑIA DE FINANCIAMIENTO
Piedad Velez Zapata,,SUPLENTE PERSONAL,FINANCIERA JURISCOOP S.A. COMPAÑIA DE FINANCIAMIENTO
Ricardo Marcelo Betancur Correa,,SUPLENTE PERSONAL,FINANCIERA JURISCOOP S.A. COMPAÑIA DE FINANCIAMIENTO
-,,-,FINANCIERA PAGOS INTERNACIONALES
-,,-,FONDO BURSATIL HORIZONS COLOMBIA SELECT DE S&P
Andres Ponton Venegas,,SUPLENTE PERSONAL,GAS NATURAL DEL ORIENTE S.A.E.S.P.
Carlos David Castro,,PRINCIPAL,GAS NATURAL DEL ORIENTE S.A.E.S.P.
Fabio Ricardo Diaz Becerra,,SUPLENTE PERSONAL,GAS NATURAL DEL ORIENTE S.A.E.S.P.
Francisco Javier Fernadez Gonzalez,,PRINCIPAL,GAS NATURAL DEL ORIENTE S.A.E.S.P.
Gerardo Rueda Amorocho,,SUPLENTE PERSONAL,GAS NATURAL DEL ORIENTE S.A.E.S.P.
Gersayn Herrera Moreno,,SUPLENTE PERSONAL,GAS NATURAL DEL ORIENTE S.A.E.S.P.
John Jairo Contreras Moncada,,PRINCIPAL,GAS NATURAL DEL ORIENTE S.A.E.S.P.
Jose Antonio Franco Reyes,,SUPLENTE PERSONAL,GAS NATURAL DEL ORIENTE S.A.E.S.P.
Julian Hurtado Mejia,,PRINCIPAL,GAS NATURAL DEL ORIENTE S.A.E.S.P.
Nickolay Urbina Ibarra,,PRINCIPAL,GAS NATURAL DEL ORIENTE S.A.E.S.P.
Pedro Manuel Ruiz Lechuga,,PRINCIPAL,GAS NATURAL DEL ORIENTE S.A.E.S.P.
Adriana Rojas Sanchez,,SUPLENTE PERSONAL,GAS NATURAL S.A. E.S.P.
Andrés Baracaldo Sarmiento,,PRINCIPAL,GAS NATURAL S.A. E.S.P.
Carlos David Castro,,PRINCIPAL,GAS NATURAL S.A. E.S.P.
Clara Elena Reales Gutierrez,,PRINCIPAL,GAS NATURAL S.A. E.S.P.
David Alexander Nazzicone,,SUPLENTE PERSONAL,GAS NATURAL S.A. E.S.P.
Gabriel Ignacio Rojas Londoño,,SUPLENTE PERSONAL,GAS NATURAL S.A. E.S.P.
Jeffrey Rosenthal,,PRINCIPAL,GAS NATURAL S.A. E.S.P.
Jorge Norberto Llano Salamanca,,SUPLENTE PERSONAL,GAS NATURAL S.A. E.S.P.
Juan Pablo Rivera Lopez,,PRINCIPAL,GAS NATURAL S.A. E.S.P.
Luiz Ricardo Cursino De Moura,,SUPLENTE PERSONAL,GAS NATURAL S.A. E.S.P.
Aquiles Mercado Gonzalez,,SUPLENTE PERSONAL,GASES DE OCCIDENTE S.A. E.S.P.
Camilo De Francisco Valenzuela,,SUPLENTE PERSONAL,GASES DE OCCIDENTE S.A. E.S.P.
Carlos Eduardo Sinisterra Pava,,SUPLENTE PERSONAL,GASES DE OCCIDENTE S.A. E.S.P.
Claudia Betancurt,,PRINCIPAL,GASES DE OCCIDENTE S.A. E.S.P.
Eric Flesch Santoro,,PRINCIPAL - PRESIDENTE,GASES DE OCCIDENTE S.A. E.S.P.
Gustavo Ramirez Galindo,,PRINCIPAL,GASES DE OCCIDENTE S.A. E.S.P.
Jorge Andres Palacio Becerra,,SUPLENTE PERSONAL,GASES DE OCCIDENTE S.A. E.S.P.
Juan Cristóbal Romero R.,,PRINCIPAL,GASES DE OCCIDENTE S.A. E.S.P.
Oscar Dario Morales Rivera,,PRINCIPAL,GASES DE OCCIDENTE S.A. E.S.P.
Silvana Valencia Zuñiga,,SUPLENTE PERSONAL,GASES DE OCCIDENTE S.A. E.S.P.
Carlos Ernesto Lora Rengifo,,PRINCIPAL,GIROS Y FINANZAS COMPAÑIA DE FINANCIAMIENTO
Constanza Saffon Botero,,SUPLENTE PERSONAL,GIROS Y FINANZAS COMPAÑIA DE FINANCIAMIENTO
Isaac Yanovich Farbaiarz,,PRINCIPAL,GIROS Y FINANZAS COMPAÑIA DE FINANCIAMIENTO
Jaime Otoya Dominguez,,PRINCIPAL,GIROS Y FINANZAS COMPAÑIA DE FINANCIAMIENTO
Juan Esteban Guerrero Carvajal,,SUPLENTE PERSONAL,GIROS Y FINANZAS COMPAÑIA DE FINANCIAMIENTO
Luis Alfonso Mora Tejada,,SUPLENTE PERSONAL,GIROS Y FINANZAS COMPAÑIA DE FINANCIAMIENTO
Miguel Londoño,,SUPLENTE PERSONAL,GIROS Y FINANZAS COMPAÑIA DE FINANCIAMIENTO
Oscar Dario Morales Rivera,,PRINCIPAL,GIROS Y FINANZAS COMPAÑIA DE FINANCIAMIENTO
Rodrigo Otoya Dominguez,,PRINCIPAL,GIROS Y FINANZAS COMPAÑIA DE FINANCIAMIENTO
Brandon Holling Edgerton,,PRINCIPAL,GM FINANCIAL COLOMBIA S.A. COMPAÑÍA DE FINANCIAMIENTO (ANTES GMAC FINANCIERA)
Carlos Ignacio Rojas Gaitán,,PRINCIPAL,GM FINANCIAL COLOMBIA S.A. COMPAÑÍA DE FINANCIAMIENTO (ANTES GMAC FINANCIERA)
Frederick George Livingood,,PRINCIPAL,GM FINANCIAL COLOMBIA S.A. COMPAÑÍA DE FINANCIAMIENTO (ANTES GMAC FINANCIERA)
Rafael Esteban Amoros,,PRINCIPAL,GM FINANCIAL COLOMBIA S.A. COMPAÑÍA DE FINANCIAMIENTO (ANTES GMAC FINANCIERA)
Vicente Davila Suarez,,PRINCIPAL,GM FINANCIAL COLOMBIA S.A. COMPAÑÍA DE FINANCIAMIENTO (ANTES GMAC FINANCIERA)
Ana Cristina Arango Uribe,,PRINCIPAL,GRUPO ARGOS S.A.
Armando Montenegro Trujillo,,PRINCIPAL,GRUPO ARGOS S.A.
Carlos Ignacio Gallego,,PRINCIPAL,GRUPO ARGOS S.A.
Claudia Betancurt,,PRINCIPAL,GRUPO ARGOS S.A.
David Bojanini Garcia,,PRINCIPAL,GRUPO ARGOS S.A.
Jorge Alberto Uribe,,PRINCIPAL,GRUPO ARGOS S.A.
Maria Del Rosario Cordoba Garces,,PRINCIPAL,GRUPO ARGOS S.A.
Alejandro Augusto Figueroa Jaramillo,,PRINCIPAL,GRUPO AVAL ACCIONES Y VALORES S.A.
Alvaro De Jesus Velasquez Cock,,PRINCIPAL,GRUPO AVAL ACCIONES Y VALORES S.A.
Ana Maria Cuellar De Jaramillo,,SUPLENTE PERSONAL,GRUPO AVAL ACCIONES Y VALORES S.A.
Efrain Otero Alvarez,,PRINCIPAL,GRUPO AVAL ACCIONES Y VALORES S.A.
Esther America Paz Montoya,,PRINCIPAL,GRUPO AVAL ACCIONES Y VALORES S.A.
Fabio Castellanos Ordóñez,,PRINCIPAL,GRUPO AVAL ACCIONES Y VALORES S.A.
Gabriel Mesa Zuleta,,SUPLENTE PERSONAL,GRUPO AVAL ACCIONES Y VALORES S.A.
German Michelsen Cuellar,,PRINCIPAL,GRUPO AVAL ACCIONES Y VALORES S.A.
German Villamil Pardo,,SUPLENTE PERSONAL,GRUPO AVAL ACCIONES Y VALORES S.A.
Juan Camilo Angel Mejia,,SUPLENTE PERSONAL,GRUPO AVAL ACCIONES Y VALORES S.A.
Juan Maria Robledo Uribe,,SUPLENTE PERSONAL,GRUPO AVAL ACCIONES Y VALORES S.A.
Luis Carlos Sarmiento Angulo,,PRINCIPAL - PRESIDENTE,GRUPO AVAL ACCIONES Y VALORES S.A.
Luis Fernando López Roca,,SUPLENTE PERSONAL,GRUPO AVAL ACCIONES Y VALORES S.A.
Mauricio Cardenas Muller,,SUPLENTE PERSONAL,GRUPO AVAL ACCIONES Y VALORES S.A.
Bernardo Carrasco Rojas,,PRINCIPAL,GRUPO BOLIVAR S.A. (ANTES SOCIEDADES BOLIVAR S.A.)
Gustavo Adolfo Carvajal,,PRINCIPAL,GRUPO BOLIVAR S.A. (ANTES SOCIEDADES BOLIVAR S.A.)
José Alejandro Cortés Osorio,,PRINCIPAL - PRESIDENTE,GRUPO BOLIVAR S.A. (ANTES SOCIEDADES BOLIVAR S.A.)
Juan Carlos Henao Perez,,PRINCIPAL,GRUPO BOLIVAR S.A. (ANTES SOCIEDADES BOLIVAR S.A.)
Luis Guillermo Plata Paez,,PRINCIPAL,GRUPO BOLIVAR S.A. (ANTES SOCIEDADES BOLIVAR S.A.)
Martha Hinestrosa Rey,,PRINCIPAL,GRUPO BOLIVAR S.A. (ANTES SOCIEDADES BOLIVAR S.A.)
Pedro Toro Cortés,,PRINCIPAL,GRUPO BOLIVAR S.A. (ANTES SOCIEDADES BOLIVAR S.A.)
Alejandro Piedrahita Borrero,,PRINCIPAL,GRUPO DE INVERSIONES SURAMERICANA S.A.
Carlos Antonio Espinosa Soto,,PRINCIPAL,GRUPO DE INVERSIONES SURAMERICANA S.A.
Carlos Ignacio Gallego,,PRINCIPAL,GRUPO DE INVERSIONES SURAMERICANA S.A.
Jaime Bermudez Merizalde,,PRINCIPAL,GRUPO DE INVERSIONES SURAMERICANA S.A.
Jorge Mario Velasquez Jaramillo,,PRINCIPAL,GRUPO DE INVERSIONES SURAMERICANA S.A.
Luis Fernando Alarcon Mantilla,,PRINCIPAL,GRUPO DE INVERSIONES SURAMERICANA S.A.
Sergio Michelsen,,PRINCIPAL,GRUPO DE INVERSIONES SURAMERICANA S.A.
Alejandro Sanchez Vaca,,SUPLENTE PERSONAL,GRUPO ENERGIA BOGOTA S.A. E.S.P. ANTES EMPRESA DE ENERGIA DE BOGOTA S.A. E.S.P.
Beatriz Elena Arbelaez Martinez,,PRINCIPAL - PRESIDENTE,GRUPO ENERGIA BOGOTA S.A. E.S.P. ANTES EMPRESA DE ENERGIA DE BOGOTA S.A. E.S.P.
Beatriz Elena Cardenas Casas,,SUPLENTE PERSONAL,GRUPO ENERGIA BOGOTA S.A. E.S.P. ANTES EMPRESA DE ENERGIA DE BOGOTA S.A. E.S.P.
Carlos Alberto Sandoval Reyes,,PRINCIPAL,GRUPO ENERGIA BOGOTA S.A. E.S.P. ANTES EMPRESA DE ENERGIA DE BOGOTA S.A. E.S.P.
Darío Montenegro Trujillo,,SUPLENTE PERSONAL,GRUPO ENERGIA BOGOTA S.A. E.S.P. ANTES EMPRESA DE ENERGIA DE BOGOTA S.A. E.S.P.
Diego Quintero Múnera,,SUPLENTE PERSONAL,GRUPO ENERGIA BOGOTA S.A. E.S.P. ANTES EMPRESA DE ENERGIA DE BOGOTA S.A. E.S.P.
Gisele Manrique Vaca,,PRINCIPAL,GRUPO ENERGIA BOGOTA S.A. E.S.P. ANTES EMPRESA DE ENERGIA DE BOGOTA S.A. E.S.P.
Gustavo Ramirez Galindo,,PRINCIPAL,GRUPO ENERGIA BOGOTA S.A. E.S.P. ANTES EMPRESA DE ENERGIA DE BOGOTA S.A. E.S.P.
Jaime Ruiz Llano,,PRINCIPAL,GRUPO ENERGIA BOGOTA S.A. E.S.P. ANTES EMPRESA DE ENERGIA DE BOGOTA S.A. E.S.P.
José Alejandro Herrera Lozano,,SUPLENTE PERSONAL,GRUPO ENERGIA BOGOTA S.A. E.S.P. ANTES EMPRESA DE ENERGIA DE BOGOTA S.A. E.S.P.
Luis Fernando Uribe Restrepo,,PRINCIPAL,GRUPO ENERGIA BOGOTA S.A. E.S.P. ANTES EMPRESA DE ENERGIA DE BOGOTA S.A. E.S.P.
Margarita Rehbein Davila,,PRINCIPAL,GRUPO ENERGIA BOGOTA S.A. E.S.P. ANTES EMPRESA DE ENERGIA DE BOGOTA S.A. E.S.P.
Pedro Orlando Molano Perez,,SUPLENTE PERSONAL,GRUPO ENERGIA BOGOTA S.A. E.S.P. ANTES EMPRESA DE ENERGIA DE BOGOTA S.A. E.S.P.
Rafael Simón Herz Stenberg,,PRINCIPAL,GRUPO ENERGIA BOGOTA S.A. E.S.P. ANTES EMPRESA DE ENERGIA DE BOGOTA S.A. E.S.P.
Roberto Holguin Fety,,PRINCIPAL,GRUPO ENERGIA BOGOTA S.A. E.S.P. ANTES EMPRESA DE ENERGIA DE BOGOTA S.A. E.S.P.
Yaneth Rocio Mantilla Baron,,SUPLENTE PERSONAL,GRUPO ENERGIA BOGOTA S.A. E.S.P. ANTES EMPRESA DE ENERGIA DE BOGOTA S.A. E.S.P.
Antonio Mario Celia Martinez Aparicio,,PRINCIPAL - PRESIDENTE,GRUPO NUTRESA S.A.
Cipriano Lopez Gonzalez,,PRINCIPAL,GRUPO NUTRESA S.A.
David Bojanini Garcia,,PRINCIPAL,GRUPO NUTRESA S.A.
Gonzalo Alberto Perez Rojas,,PRINCIPAL,GRUPO NUTRESA S.A.
Jaime Alberto Palacio Botero,,PRINCIPAL,GRUPO NUTRESA S.A.
Maria Clara Aristizabal Restrepo,,PRINCIPAL,GRUPO NUTRESA S.A.
Mauricio Reina Echeverri,,PRINCIPAL,GRUPO NUTRESA S.A.
Alvaro Baquero Saldarriaga,,SUPLENTE PERSONAL,GRUPO ORBIS S.A. antes INVERSIONES MUNDIAL S.A.
Diego Saldarriaga Vieira,,PRINCIPAL,GRUPO ORBIS S.A. antes INVERSIONES MUNDIAL S.A.
Fernando Ojalvo Prieto,,PRINCIPAL - PRESIDENTE,GRUPO ORBIS S.A. antes INVERSIONES MUNDIAL S.A.
Juan Guillermo Saldarriaga Daza,,SUPLENTE PERSONAL,GRUPO ORBIS S.A. antes INVERSIONES MUNDIAL S.A.
Mauricio Camargo Mejia,,PRINCIPAL,GRUPO ORBIS S.A. antes INVERSIONES MUNDIAL S.A.
Mauricio Saldarriaga Puerta,,SUPLENTE PERSONAL,GRUPO ORBIS S.A. antes INVERSIONES MUNDIAL S.A.
Monica Contreras,,PRINCIPAL,GRUPO ORBIS S.A. antes INVERSIONES MUNDIAL S.A.
Pablo Trujillo Tealdo,,PRINCIPAL,GRUPO ORBIS S.A. antes INVERSIONES MUNDIAL S.A.
Ricardo Saldarriaga Valero,,SUPLENTE PERSONAL,GRUPO ORBIS S.A. antes INVERSIONES MUNDIAL S.A.
Sergio Mejía Mejía,,SUPLENTE PERSONAL,GRUPO ORBIS S.A. antes INVERSIONES MUNDIAL S.A.
Camilo Steuer Gutierrez,,SUPLENTE PERSONAL,INDUSTRIAS ESTRA S.A.
Carlos Duque Uribe,,PRINCIPAL,INDUSTRIAS ESTRA S.A.
Carlos Pizano Mallarino,,PRINCIPAL,INDUSTRIAS ESTRA S.A.
Juan Carlos Velez,,SUPLENTE PERSONAL,INDUSTRIAS ESTRA S.A.
Juan Gonzalo Echavarria Greiffenstein,,SUPLENTE PERSONAL,INDUSTRIAS ESTRA S.A.
Mateo Betancur De Castro,,PRINCIPAL,INDUSTRIAS ESTRA S.A.
Matias Franco Posada,,SUPLENTE PERSONAL,INDUSTRIAS ESTRA S.A.
Mauricio Velez E.,,PRINCIPAL,INDUSTRIAS ESTRA S.A.
Ricardo Velez Bravo,,SUPLENTE PERSONAL,INDUSTRIAS ESTRA S.A.
Sergio Posada Moreno,,PRINCIPAL,INDUSTRIAS ESTRA S.A.
Cecilia Maria Velez White,,PRINCIPAL,INSTITUTO COLOMBIANO DE CREDITO EDUCATIVO Y ESTUDIOS TECNICOS EN EL EXTERIOR
Hugo Salazar García,,PRINCIPAL,INSTITUTO COLOMBIANO DE CREDITO EDUCATIVO Y ESTUDIOS TECNICOS EN EL EXTERIOR
Jose Antonio Balaguera Cepeda,,PRINCIPAL,INSTITUTO COLOMBIANO DE CREDITO EDUCATIVO Y ESTUDIOS TECNICOS EN EL EXTERIOR
Julio Alejandro Insuasty Guzmán,,PRINCIPAL,INSTITUTO COLOMBIANO DE CREDITO EDUCATIVO Y ESTUDIOS TECNICOS EN EL EXTERIOR
Luis Enrique Arango Jimenez,,PRINCIPAL,INSTITUTO COLOMBIANO DE CREDITO EDUCATIVO Y ESTUDIOS TECNICOS EN EL EXTERIOR
Virgilio Niño Cruz,,PRINCIPAL,INSTITUTO COLOMBIANO DE CREDITO EDUCATIVO Y ESTUDIOS TECNICOS EN EL EXTERIOR
Camilo Zea Gómez,,PRINCIPAL,INTERCONEXION ELECTRICA S.A. E.S.P.
Carlos Caballero Argaez,,PRINCIPAL,INTERCONEXION ELECTRICA S.A. E.S.P.
Carlos Felipe Londoño Alvarez,,PRINCIPAL,INTERCONEXION ELECTRICA S.A. E.S.P.
Carlos Mario Giraldo Moreno,,PRINCIPAL,INTERCONEXION ELECTRICA S.A. E.S.P.
Cesar Augusto Arias Hernandez,,PRINCIPAL,INTERCONEXION ELECTRICA S.A. E.S.P.
Henry Medina González,,PRINCIPAL,INTERCONEXION ELECTRICA S.A. E.S.P.
Jesús Arturo Aristizábal Guevara,,PRINCIPAL,INTERCONEXION ELECTRICA S.A. E.S.P.
Juan Alberto Londoño Martínez,,PRINCIPAL,INTERCONEXION ELECTRICA S.A. E.S.P.
Santiago Montenegro Trujillo,,PRINCIPAL,INTERCONEXION ELECTRICA S.A. E.S.P.
Carlos Alberto Salcedo,,SUPLENTE PERSONAL,INVERSIONES EQUIPOS Y SERVICIOS S.A.
Cristina Margarita Araújo,,SUPLENTE PERSONAL,INVERSIONES EQUIPOS Y SERVICIOS S.A.
Jose Nicolas Urdinola Calero,,SUPLENTE PERSONAL,INVERSIONES EQUIPOS Y SERVICIOS S.A.
Luis Carlos Valenzuela Delgado,,SUPLENTE PERSONAL,INVERSIONES EQUIPOS Y SERVICIOS S.A.
Mauricio Gonzalez Salcedo,,PRINCIPAL,INVERSIONES EQUIPOS Y SERVICIOS S.A.
Nicolas Piedrahita Wood,,PRINCIPAL,INVERSIONES EQUIPOS Y SERVICIOS S.A.
Rafael Ramirez Giraldo,,PRINCIPAL,INVERSIONES EQUIPOS Y SERVICIOS S.A.
Ramiro Alvare Materon,,SUPLENTE PERSONAL,INVERSIONES EQUIPOS Y SERVICIOS S.A.
Rodrigo Restrepo Delgado,,PRINCIPAL,INVERSIONES EQUIPOS Y SERVICIOS S.A.
Santiago Salcedo Borrero,,PRINCIPAL,INVERSIONES EQUIPOS Y SERVICIOS S.A.
Alejandra Valenzuela Arellano,,SUPLENTE PERSONAL,INVERSIONES VENECIA S.A.
Daniel De La Cuesta Valenzuela,,SUPLENTE PERSONAL,INVERSIONES VENECIA S.A.
Juan Fernando Saavedra,,SUPLENTE PERSONAL,INVERSIONES VENECIA S.A.
Luis Carlos Valenzuela Delgado,,SUPLENTE PERSONAL,INVERSIONES VENECIA S.A.
Mauricio Gonzalez Salcedo,,PRINCIPAL,INVERSIONES VENECIA S.A.
Nicolas Piedrahita Wood,,PRINCIPAL,INVERSIONES VENECIA S.A.
Olga Lucia Sinisterra Salcedo,,SUPLENTE PERSONAL,INVERSIONES VENECIA S.A.
Rafael Ramirez Giraldo,,PRINCIPAL,INVERSIONES VENECIA S.A.
Rodrigo Restrepo Delgado,,PRINCIPAL,INVERSIONES VENECIA S.A.
Santiago Salcedo Borrero,,PRINCIPAL,INVERSIONES VENECIA S.A.
Carlos David Castro,,PRINCIPAL,ISAGEN S.A. E.S.P.
Eduardo Salgado Malacara,,SUPLENTE PERSONAL,ISAGEN S.A. E.S.P.
Harry Goldgut,,PRINCIPAL,ISAGEN S.A. E.S.P.
Jennifer Mazin,,SUPLENTE PERSONAL,ISAGEN S.A. E.S.P.
Jorge Humberto Botero Angulo,,SUPLENTE PERSONAL,ISAGEN S.A. E.S.P.
Juan Carlos Esguerra Portocarrero,,PRINCIPAL,ISAGEN S.A. E.S.P.
Luz Helena Sarmiento Villamizar,,SUPLENTE PERSONAL,ISAGEN S.A. E.S.P.
Orlando Enrique Cabrales Segovia,,PRINCIPAL,ISAGEN S.A. E.S.P.
Paraskevas Fronimos,,SUPLENTE PERSONAL,ISAGEN S.A. E.S.P.
Rafael Miranda,,PRINCIPAL,ISAGEN S.A. E.S.P.
Richard Legault,,PRINCIPAL,ISAGEN S.A. E.S.P.
Sachin Shah,,SUPLENTE PERSONAL,ISAGEN S.A. E.S.P.
Timothy Keeling,,PRINCIPAL,ISAGEN S.A. E.S.P.
Wyatt Kennard Herbert Hartley,,SUPLENTE PERSONAL,ISAGEN S.A. E.S.P.
Alvaro Ivan Cala Carrizosa,,SUPLENTE PERSONAL,ITAÚ BBA COLOMBIA S.A. CORPORACION FINANCIERA
Cesar Alberto Blaquier,,PRINCIPAL,ITAÚ BBA COLOMBIA S.A. CORPORACION FINANCIERA
Christian Eduard Tauber Dominguez,,SUPLENTE PERSONAL,ITAÚ BBA COLOMBIA S.A. CORPORACION FINANCIERA
Dario Laguado Giraldo,,SUPLENTE PERSONAL,ITAÚ BBA COLOMBIA S.A. CORPORACION FINANCIERA
Eduardo Garces Lopez,,PRINCIPAL,ITAÚ BBA COLOMBIA S.A. CORPORACION FINANCIERA
Ingrid Pahl Maya,,PRINCIPAL,ITAÚ BBA COLOMBIA S.A. CORPORACION FINANCIERA
Juan Cristóbal O,,SUPLENTE PERSONAL,ITAÚ BBA COLOMBIA S.A. CORPORACION FINANCIERA
Ricardo Marino Villela,,PRINCIPAL,ITAÚ BBA COLOMBIA S.A. CORPORACION FINANCIERA
Sergio Michelsen,,PRINCIPAL,ITAÚ BBA COLOMBIA S.A. CORPORACION FINANCIERA
Sergio Mychkis Goldstein,,SUPLENTE PERSONAL,ITAÚ BBA COLOMBIA S.A. CORPORACION FINANCIERA
Gabriel Amado De Moura,,PRINCIPAL,ITAÚ CORPBANCA COLOMBIA S.A.
Juan Bernave Echeverria Gonzalez,,PRINCIPAL,ITAÚ CORPBANCA COLOMBIA S.A.
Luis Fernando Martínez,,PRINCIPAL,ITAÚ CORPBANCA COLOMBIA S.A.
Maria Carmiña Ferro Iriarte,,PRINCIPAL,ITAÚ CORPBANCA COLOMBIA S.A.
Milton Maluhy Filho,,PRINCIPAL,ITAÚ CORPBANCA COLOMBIA S.A.
Monica Aparicio Smith,,PRINCIPAL,ITAÚ CORPBANCA COLOMBIA S.A.
Rafael Pardo Soto,,PRINCIPAL,ITAÚ CORPBANCA COLOMBIA S.A.
Roberto De Santa Ana Brigard Holguin,,PRINCIPAL,ITAÚ CORPBANCA COLOMBIA S.A.
Rogério Carvalho Braga,,PRINCIPAL,ITAÚ CORPBANCA COLOMBIA S.A.
Adriana Lucía Moreno Marquez,,SUPLENTE PERSONAL,JPMORGAN CORPORACION FINANCIERA S.A.
Angela Maria Hurtado Castro,,PRINCIPAL,JPMORGAN CORPORACION FINANCIERA S.A.
Daniel Londoño Pinzón,,SUPLENTE PERSONAL,JPMORGAN CORPORACION FINANCIERA S.A.
David Fernando López Angarita,,SUPLENTE PERSONAL,JPMORGAN CORPORACION FINANCIERA S.A.
Jose Luis Suarez Parra,,PRINCIPAL,JPMORGAN CORPORACION FINANCIERA S.A.
Juan Bernardo Lopez Ruales,,SUPLENTE PERSONAL,JPMORGAN CORPORACION FINANCIERA S.A.
Luis Carlos Lozano Reyes,,SUPLENTE PERSONAL,JPMORGAN CORPORACION FINANCIERA S.A.
Mariano Hernan Markman,,PRINCIPAL,JPMORGAN CORPORACION FINANCIERA S.A.
Moises Mainster,,PRINCIPAL,JPMORGAN CORPORACION FINANCIERA S.A.
Patricia De Jesus Arrazola Bustillo,,PRINCIPAL,JPMORGAN CORPORACION FINANCIERA S.A.
Ana María Ochoa Sampedro,,PRINCIPAL,LA HIPOTECARIA COMPAÑIA DE FINANCIAMIENTO S.A
Boris Ivan Oduber Burillo,,PRINCIPAL,LA HIPOTECARIA COMPAÑIA DE FINANCIAMIENTO S.A
Francisco Conto,,PRINCIPAL,LA HIPOTECARIA COMPAÑIA DE FINANCIAMIENTO S.A
Giselle Maureen Pinel De Tejeira,,PRINCIPAL,LA HIPOTECARIA COMPAÑIA DE FINANCIAMIENTO S.A
John David Rauschkolb,,PRINCIPAL,LA HIPOTECARIA COMPAÑIA DE FINANCIAMIENTO S.A
Juan Alberto Castro De La Guardia,,PRINCIPAL,LA HIPOTECARIA COMPAÑIA DE FINANCIAMIENTO S.A
Alfonso Rodriguez Azuero,,SUPLENTE PERSONAL,LEASING CORFICOLOMBIANA S.A. COMPAÑIA DE FINANCIAMIENTO
Amalia Correa Young,,SUPLENTE,LEASING CORFICOLOMBIANA S.A. COMPAÑIA DE FINANCIAMIENTO
Bernardo Noreña Ocampo,,PRINCIPAL,LEASING CORFICOLOMBIANA S.A. COMPAÑIA DE FINANCIAMIENTO
Jorge Enrique Camacho Matamoros,,SUPLENTE PERSONAL,LEASING CORFICOLOMBIANA S.A. COMPAÑIA DE FINANCIAMIENTO
Jose Leibovich Goldenberg,,PRINCIPAL,LEASING CORFICOLOMBIANA S.A. COMPAÑIA DE FINANCIAMIENTO
Juan Carlos Paez Ayala,,PRINCIPAL,LEASING CORFICOLOMBIANA S.A. COMPAÑIA DE FINANCIAMIENTO
Julian Alonso Valenzuela Ramirez,,SUPLENTE PERSONAL,LEASING CORFICOLOMBIANA S.A. COMPAÑIA DE FINANCIAMIENTO
Miguel Enrique Diez Trujillo,,SUPLENTE PERSONAL,LEASING CORFICOLOMBIANA S.A. COMPAÑIA DE FINANCIAMIENTO
Pedro Ignacio De Brigard Pombo,,PRINCIPAL,LEASING CORFICOLOMBIANA S.A. COMPAÑIA DE FINANCIAMIENTO
Roberto Pizarro Mondragon,,PRINCIPAL,LEASING CORFICOLOMBIANA S.A. COMPAÑIA DE FINANCIAMIENTO
Álvaro De Jesús Mejía Uribe,,PRINCIPAL,MANUFACTURAS DE CEMENTO S.A.
Andres Pradilla Garcia,,PRINCIPAL,MANUFACTURAS DE CEMENTO S.A.
Fernan Garcia De La Torre,,PRINCIPAL,MANUFACTURAS DE CEMENTO S.A.
Jose Roberto Acosta Ramos,,SUPLENTE PERSONAL,MANUFACTURAS DE CEMENTO S.A.
Juan Ramón Samper Samper,,PRINCIPAL,MANUFACTURAS DE CEMENTO S.A.
Luis Miguel Ortega Nieto,,PRINCIPAL,MANUFACTURAS DE CEMENTO S.A.
Mauricio Sanz De Santamaria,,SUPLENTE PERSONAL,MANUFACTURAS DE CEMENTO S.A.
Pablo Atuesta Pradilla,,SUPLENTE PERSONAL,MANUFACTURAS DE CEMENTO S.A.
Rafael Ignacio Mariño Navas,,SUPLENTE PERSONAL,MANUFACTURAS DE CEMENTO S.A.
Alvaro Correa Holguin,,PRINCIPAL,MAYAGUEZ S.A.
Eduardo Holguín Godin,,SUPLENTE PERSONAL,MAYAGUEZ S.A.
Eduardo Iragorri Holguin,,SUPLENTE PERSONAL,MAYAGUEZ S.A.
Felipe Correa Londoño,,SUPLENTE PERSONAL,MAYAGUEZ S.A.
Fernando Holguin Acosta,,PRINCIPAL,MAYAGUEZ S.A.
Guillermo Alberto Chaux,,SUPLENTE PERSONAL,MAYAGUEZ S.A.
Guillermo Alberto Reyes Solarte,,PRINCIPAL,MAYAGUEZ S.A.
Luis Ernesto Mejia Castro,,PRINCIPAL - PRESIDENTE,MAYAGUEZ S.A.
Maria Lucia Ramos Lalinde,,PRINCIPAL,MAYAGUEZ S.A.
Mauricio Garcia Cañizares,,SUPLENTE PERSONAL,MAYAGUEZ S.A.
Alberto Leon Mejia Zuluaga,,PRINCIPAL,MINEROS S.A.
Alberto Mejia Hernandez,,PRINCIPAL,MINEROS S.A.
Alfredo Augusto Mateo Ossa Alarcon,,SUPLENTE PERSONAL,MINEROS S.A.
Alvaro Escobar Restrepo,,SUPLENTE PERSONAL,MINEROS S.A.
Beatriz Uribe De Uribe,,SUPLENTE PERSONAL,MINEROS S.A.
Carlos Caballero Argaez,,SUPLENTE PERSONAL,MINEROS S.A.
Carlos Rodrigo Pacheco Cortes,,SUPLENTE PERSONAL,MINEROS S.A.
Eduardo Pacheco Cortes,,PRINCIPAL - PRESIDENTE,MINEROS S.A.
Gloria Marcela Acuña Ramirez,,SUPLENTE PERSONAL,MINEROS S.A.
Jose Fernando Llano,,PRINCIPAL,MINEROS S.A.
Juan Carlos Paez Ayala,,PRINCIPAL,MINEROS S.A.
Lucia Taborda Giraldo,,SUPLENTE PERSONAL,MINEROS S.A.
Luis Santiago Perdomo Maldonado,,PRINCIPAL,MINEROS S.A.
Miguel Urrutia Montoya,,PRINCIPAL,MINEROS S.A.
-,,-,MINISTERIO DE HACIENDA Y CREDITO PUBLICO
-,,-,MOLIBDENOS Y METALES S.A.
-,,-,MUNICIPIO DE MEDELLIN
-,,-,OCCIDENTAL DE COLOMBIA LLC
Alejandro Piedrahita Borrero,,PRINCIPAL,ODINSA S.A. antes (ORGANIZACION DE INGENIERIA INTERNACIONAL S.A.)
Camilo Jose Abello Vives,,PRINCIPAL,ODINSA S.A. antes (ORGANIZACION DE INGENIERIA INTERNACIONAL S.A.)
Jorge Mario Velasquez Jaramillo,,PRINCIPAL,ODINSA S.A. antes (ORGANIZACION DE INGENIERIA INTERNACIONAL S.A.)
Juan Emilio Posada Echeverri,,PRINCIPAL,ODINSA S.A. antes (ORGANIZACION DE INGENIERIA INTERNACIONAL S.A.)
María Isabel Echeverry Carvajal,,PRINCIPAL,ODINSA S.A. antes (ORGANIZACION DE INGENIERIA INTERNACIONAL S.A.)
Sergio Andres Osorio Hurtado,,PRINCIPAL,ODINSA S.A. antes (ORGANIZACION DE INGENIERIA INTERNACIONAL S.A.)
Sergio Restrepo Isaza,,PRINCIPAL,ODINSA S.A. antes (ORGANIZACION DE INGENIERIA INTERNACIONAL S.A.)
-,,-,OLD MUTUAL FONDO DE INVERSION COLECTIVA CERRADO INMOBILIARIO COMPRAR PARA ARRENDAR - I
Arturo Natho Gamboa,,SUPLENTE PERSONAL,ORGANIZACION TERPEL S.A.
Bernardo Dyner Rezonzew,,PRINCIPAL,ORGANIZACION TERPEL S.A.
Eduardo Navarro Beltrán,,SUPLENTE PERSONAL,ORGANIZACION TERPEL S.A.
Frederic Chaveyriat Roca,,SUPLENTE PERSONAL,ORGANIZACION TERPEL S.A.
Gabriel Arturo Jaramillo,,SUPLENTE PERSONAL,ORGANIZACION TERPEL S.A.
Jorge Alberto Bunster Betteley,,PRINCIPAL,ORGANIZACION TERPEL S.A.
Jorge Andrés Garcés Jordán,,SUPLENTE PERSONAL,ORGANIZACION TERPEL S.A.
Jorge Andueza Fouque,,PRINCIPAL,ORGANIZACION TERPEL S.A.
Jose Oscar Jaramillo Botero,,PRINCIPAL,ORGANIZACION TERPEL S.A.
Leonardo Ljubetic Garib,,PRINCIPAL,ORGANIZACION TERPEL S.A.
Lorenzo Gazmurri Schleyer,,PRINCIPAL,ORGANIZACION TERPEL S.A.
Ramiro Mendez Urrutia,,PRINCIPAL,ORGANIZACION TERPEL S.A.
Rodolfo Castillo Garcia,,SUPLENTE PERSONAL,ORGANIZACION TERPEL S.A.
Tulio Rabinovich Manevich,,SUPLENTE PERSONAL,ORGANIZACION TERPEL S.A.
-,,-,P.A. ESTRATEGIAS INMOBILIARIAS - PEIS
-,,-,P.A. MOBIL-OIKOS EDIFICIO CALLE 90
-,,-,PARQUE IND. ALSACIA CONSTRUTORA INTERVEDCO
-,,-,PATRIMONIO AUTONOMO INVERSIONES LA 14 2009-01
Andrea Lucrecia Salamanca Alvarez,,SUPLENTE PERSONAL,PRODUCTOS FAMILIA S.A.
Gerardo Bacelis Sotomayor,,SUPLENTE PERSONAL,PRODUCTOS FAMILIA S.A.
Gonzalo De Jesús Bernal Perez,,PRINCIPAL,PRODUCTOS FAMILIA S.A.
Jose Guirao,,SUPLENTE PERSONAL,PRODUCTOS FAMILIA S.A.
Kevin Gorman,,PRINCIPAL,PRODUCTOS FAMILIA S.A.
Lina Marcela Zuluaga Garcia,,SUPLENTE PERSONAL,PRODUCTOS FAMILIA S.A.
Maria Isabel Giraldo Angel,,PRINCIPAL,PRODUCTOS FAMILIA S.A.
Nicolas Santos Charry,,PRINCIPAL,PRODUCTOS FAMILIA S.A.
Oscar Fernández,,SUPLENTE PERSONAL,PRODUCTOS FAMILIA S.A.
Pablo Fuentes,,PRINCIPAL,PRODUCTOS FAMILIA S.A.
Robert Sjostrom,,PRINCIPAL,PRODUCTOS FAMILIA S.A.
Yaneth Rocío Hincapié Giraldo,,SUPLENTE PERSONAL,PRODUCTOS FAMILIA S.A.
Bernardo Noreña Ocampo,,SUPLENTE PERSONAL,PROMIGAS S.A. E.S.P.
Camilo De Francisco Valenzuela,,SUPLENTE PERSONAL,PROMIGAS S.A. E.S.P.
Carlos Arcesio Paz Bautista,,SUPLENTE PERSONAL,PROMIGAS S.A. E.S.P.
Carlos Caballero Argaez,,PRINCIPAL,PROMIGAS S.A. E.S.P.
Claudia Betancurt,,PRINCIPAL,PROMIGAS S.A. E.S.P.
Gustavo Ramirez Galindo,,SUPLENTE PERSONAL,PROMIGAS S.A. E.S.P.
Leonardo Garnica Eljaiek,,PRINCIPAL,PROMIGAS S.A. E.S.P.
Luis Ernesto Mejia Castro,,PRINCIPAL,PROMIGAS S.A. E.S.P.
María Lorena Gutiérrez Botero,,PRINCIPAL - PRESIDENTE,PROMIGAS S.A. E.S.P.
Rafael Navarro Crane,,SUPLENTE PERSONAL,PROMIGAS S.A. E.S.P.
Alejandro Villalba Mc Causland,,SUPLENTE PERSONAL,PROMIORIENTE S.A. E.S.P.
Elvira Peynado Vengoechea,,SUPLENTE PERSONAL,PROMIORIENTE S.A. E.S.P.
Fabio Ricardo Diaz Becerra,,PRINCIPAL,PROMIORIENTE S.A. E.S.P.
Gerardo Rueda Amorocho,,SUPLENTE PERSONAL,PROMIORIENTE S.A. E.S.P.
Heliodoro Mayorga Moncada,,SUPLENTE PERSONAL,PROMIORIENTE S.A. E.S.P.
Jaime Alberto Sierra,,PRINCIPAL,PROMIORIENTE S.A. E.S.P.
Juan Manuel Barco Soto,,PRINCIPAL,PROMIORIENTE S.A. E.S.P.
Mario Cañas Grillo,,PRINCIPAL,PROMIORIENTE S.A. E.S.P.
Rafael Arturo Miranda Henriquez,,SUPLENTE PERSONAL,PROMIORIENTE S.A. E.S.P.
Ricardo Fernandez,,PRINCIPAL - PRESIDENTE,PROMIORIENTE S.A. E.S.P.
Alvaro Bautista Fajardo,,SUPLENTE PERSONAL,PROMOTORA DE CAFE COLOMBIA S.A.
Carlos Alberto Eraso Lopez,,PRINCIPAL,PROMOTORA DE CAFE COLOMBIA S.A.
Carlos Alberto Gonzalez Arboleda,,SUPLENTE PERSONAL,PROMOTORA DE CAFE COLOMBIA S.A.
Claudia Barrero Lozano,,SUPLENTE PERSONAL,PROMOTORA DE CAFE COLOMBIA S.A.
Jaime Eduardo Plazas De Leon,,SUPLENTE PERSONAL,PROMOTORA DE CAFE COLOMBIA S.A.
Juan Camilo Becerra Botero,,PRINCIPAL - PRESIDENTE,PROMOTORA DE CAFE COLOMBIA S.A.
Juan Camilo Robledo Vasquez,,PRINCIPAL,PROMOTORA DE CAFE COLOMBIA S.A.
Lucio Bernal Castaño,,PRINCIPAL,PROMOTORA DE CAFE COLOMBIA S.A.
Pablo Casabianca Escallon,,SUPLENTE PERSONAL,PROMOTORA DE CAFE COLOMBIA S.A.
Yonatan Bursztyn Vainburg,,PRINCIPAL,PROMOTORA DE CAFE COLOMBIA S.A.
Alexis Llamas Jimenez,,SUPLENTE PERSONAL,PROMOTORA MEDICA LAS AMERICAS S.A.
Bernardo Lujan Gomez,,SUPLENTE PERSONAL,PROMOTORA MEDICA LAS AMERICAS S.A.
Cesar Alberto Guerra Arroyave,,SUPLENTE PERSONAL,PROMOTORA MEDICA LAS AMERICAS S.A.
Diego Leon Gaviria Mendez,,SUPLENTE PERSONAL,PROMOTORA MEDICA LAS AMERICAS S.A.
Gomez Wolf Luis Rodolfo,,PRINCIPAL - PRESIDENTE,PROMOTORA MEDICA LAS AMERICAS S.A.
Hector Manrique Valencia,,PRINCIPAL,PROMOTORA MEDICA LAS AMERICAS S.A.
Hector Manuel Cateriano Rondon,,PRINCIPAL,PROMOTORA MEDICA LAS AMERICAS S.A.
Hernan Ignacio Perez De Brigard,,SUPLENTE PERSONAL,PROMOTORA MEDICA LAS AMERICAS S.A.
Jairo Hernan Mejia Cuartas,,PRINCIPAL,PROMOTORA MEDICA LAS AMERICAS S.A.
Jairo Hernando Patiño Pacheco,,PRINCIPAL,PROMOTORA MEDICA LAS AMERICAS S.A.
Juan Camilo Restrepo Salcedo,,SUPLENTE PERSONAL,PROMOTORA MEDICA LAS AMERICAS S.A.
Juan Fernando Posada Hurtado,,SUPLENTE PERSONAL,PROMOTORA MEDICA LAS AMERICAS S.A.
Juan Manuel Mejia Montoya,,PRINCIPAL,PROMOTORA MEDICA LAS AMERICAS S.A.
Nestor De Jesus Hincapie Vargas,,PRINCIPAL,PROMOTORA MEDICA LAS AMERICAS S.A.
Ricardo Alonso Gaviria G.,,PRINCIPAL,PROMOTORA MEDICA LAS AMERICAS S.A.
Sergio Navarro Cadavid,,SUPLENTE PERSONAL,PROMOTORA MEDICA LAS AMERICAS S.A.
Alejandro Sanchez Vaca,,PRINCIPAL,PROYECTOS DE INFRAESTRUCTURA S.A.
Amalia Correa Young,,SUPLENTE PERSONAL,PROYECTOS DE INFRAESTRUCTURA S.A.
Gloria Marcela Acuña Ramirez,,SUPLENTE PERSONAL,PROYECTOS DE INFRAESTRUCTURA S.A.
Jaime Eduardo Plazas De Leon,,PRINCIPAL,PROYECTOS DE INFRAESTRUCTURA S.A.
Laura Plazas Pretelt,,SUPLENTE PERSONAL,PROYECTOS DE INFRAESTRUCTURA S.A.
Luis Enrique Quintero De La Hoz,,PRINCIPAL,PROYECTOS DE INFRAESTRUCTURA S.A.
Marco Antonio Izquierdo Llanos,,SUPLENTE PERSONAL,PROYECTOS DE INFRAESTRUCTURA S.A.
Oscar Javier Hernandez Gaona,,PRINCIPAL,PROYECTOS DE INFRAESTRUCTURA S.A.
Roberto Pizarro Mondragon,,PRINCIPAL,PROYECTOS DE INFRAESTRUCTURA S.A.
Vanessa Garay Guzman,,SUPLENTE PERSONAL,PROYECTOS DE INFRAESTRUCTURA S.A.
Diogo Novo Cesarino,,PRINCIPAL,RCI COLOMBIA S.A. COMPAÑÍA DE FINANCIAMIENTO
Jean-Philippe Jacques,,PRINCIPAL,RCI COLOMBIA S.A. COMPAÑÍA DE FINANCIAMIENTO
Carlos Julio Ardila Gaviria,,PRINCIPAL,RCN TELEVISION S.A.
Fernando Molina Soto,,PRINCIPAL,RCN TELEVISION S.A.
Luis Guillermo Betancur Vergara,,PRINCIPAL,RCN TELEVISION S.A.
Miguel Ignacio Gutierrez Navarro,,PRINCIPAL,RCN TELEVISION S.A.
Ricardo Salazar Arias,,PRINCIPAL,RCN TELEVISION S.A.
Alejandra Botero Barco,,SUPLENTE PERSONAL,RIOPAILA AGRICOLA S.A.
Belisario Caicedo Capurro,,PRINCIPAL,RIOPAILA AGRICOLA S.A.
Belisario Gonzalez Ulloa,,SUPLENTE PERSONAL,RIOPAILA AGRICOLA S.A.
Federico José Holmann Sáenz,,PRINCIPAL,RIOPAILA AGRICOLA S.A.
Felipe Victoria Gonzalez,,SUPLENTE PERSONAL,RIOPAILA AGRICOLA S.A.
Jorge A. Ogliastri M.,,SUPLENTE PERSONAL,RIOPAILA AGRICOLA S.A.
Jose Manuel Saavedra Gonzalez,,PRINCIPAL,RIOPAILA AGRICOLA S.A.
Mauricio Botero Caicedo,,PRINCIPAL,RIOPAILA AGRICOLA S.A.
Santiago Cabal Gonzalez,,PRINCIPAL,RIOPAILA AGRICOLA S.A.
Sebastian Alvarez C.,,SUPLENTE PERSONAL,RIOPAILA AGRICOLA S.A.
Alejandra Botero Barco,,SUPLENTE PERSONAL,RIOPAILA CASTILLA S.A.
Aniceto Guzman Sanchez,,SUPLENTE PERSONAL,RIOPAILA CASTILLA S.A.
Belisario Caicedo Capurro,,PRINCIPAL,RIOPAILA CASTILLA S.A.
Ciro Alfonso Arevalo Yepes,,PRINCIPAL,RIOPAILA CASTILLA S.A.
Eduardo Caicedo Lourido,,PRINCIPAL,RIOPAILA CASTILLA S.A.
Esteban Madero Crump,,SUPLENTE PERSONAL,RIOPAILA CASTILLA S.A.
Felipe Victoria Gonzalez,,SUPLENTE PERSONAL,RIOPAILA CASTILLA S.A.
Jacobo Tovar Caicedo,,PRINCIPAL,RIOPAILA CASTILLA S.A.
Jorge A. Ogliastri M.,,SUPLENTE PERSONAL,RIOPAILA CASTILLA S.A.
Jorge Enrique Gonzalez U.,,PRINCIPAL,RIOPAILA CASTILLA S.A.
Jose Manuel Saavedra Gonzalez,,SUPLENTE PERSONAL,RIOPAILA CASTILLA S.A.
Julian Gerardo Dominguez Rivera,,PRINCIPAL,RIOPAILA CASTILLA S.A.
Marco A Caicedo Jaramillo,,PRINCIPAL,RIOPAILA CASTILLA S.A.
María Teresa González De Cabal,,PRINCIPAL,RIOPAILA CASTILLA S.A.
Mauricio Botero Caicedo,,PRINCIPAL,RIOPAILA CASTILLA S.A.
Santiago Castro Caicedo,,SUPLENTE PERSONAL,RIOPAILA CASTILLA S.A.
Sebastian Alvarez C.,,SUPLENTE PERSONAL,RIOPAILA CASTILLA S.A.
Alfredo Augusto Mateo Ossa Alarcon,,SUPLENTE PERSONAL,SCOTIABANK COLPATRIA S.A.
Carlos Marcelo Brina,,PRINCIPAL,SCOTIABANK COLPATRIA S.A.
Carlos Rodrigo Pacheco Cortes,,SUPLENTE PERSONAL,SCOTIABANK COLPATRIA S.A.
Eduardo Alberto Klurfan,,PRINCIPAL,SCOTIABANK COLPATRIA S.A.
Eduardo Pacheco Cortes,,PRINCIPAL,SCOTIABANK COLPATRIA S.A.
Felipe Andres Cuberos De Las Casas,,SUPLENTE PERSONAL,SCOTIABANK COLPATRIA S.A.
Hermann Uribe Ordoñez,,PRINCIPAL,SCOTIABANK COLPATRIA S.A.
Jaime Eduardo Santos Mera,,SUPLENTE PERSONAL,SCOTIABANK COLPATRIA S.A.
Julio Manuel Ayerbe Muñoz,,PRINCIPAL,SCOTIABANK COLPATRIA S.A.
Maria Del Rosario Sintes Ulloa,,PRINCIPAL,SCOTIABANK COLPATRIA S.A.
Martin Jose Carrizosa Calle,,PRINCIPAL,SCOTIABANK COLPATRIA S.A.
Reynaldo Espinosa Garat,,SUPLENTE PERSONAL,SCOTIABANK COLPATRIA S.A.
Ricardo Andres Cruells,,SUPLENTE PERSONAL,SCOTIABANK COLPATRIA S.A.
Santiago Dirube,,SUPLENTE PERSONAL,SCOTIABANK COLPATRIA S.A.
Alfredo Gonzalez-Rubio Merrit,,PRINCIPAL,SERVICIOS FINANCIEROS S.A. COMPAÑIA DE FINANCIAMIENTO
Álvaro Jesús Cotes Mestre,,PRINCIPAL,SERVICIOS FINANCIEROS S.A. COMPAÑIA DE FINANCIAMIENTO
Antonio Char Chaljub,,PRINCIPAL,SERVICIOS FINANCIEROS S.A. COMPAÑIA DE FINANCIAMIENTO
Jaime Char Navas,,PRINCIPAL,SERVICIOS FINANCIEROS S.A. COMPAÑIA DE FINANCIAMIENTO
Jose Manuel Carbonell,,PRINCIPAL,SERVICIOS FINANCIEROS S.A. COMPAÑIA DE FINANCIAMIENTO
Julio Andrés Torres García,,PRINCIPAL,SERVICIOS FINANCIEROS S.A. COMPAÑIA DE FINANCIAMIENTO
Rodolfo Zambrano Moreno,,PRINCIPAL,SERVICIOS FINANCIEROS S.A. COMPAÑIA DE FINANCIAMIENTO
Alvaro Roberto Rivas Patiño,,PRINCIPAL,SOCIEDAD ADMINISTRADORA DE INVERSION DESARROLLO S.A.
Carlos Eduardo Muñoz Tamayo,,SUPLENTE NUMERICO,SOCIEDAD ADMINISTRADORA DE INVERSION DESARROLLO S.A.
Claudia Esperanza Varela Flórez,,PRINCIPAL,SOCIEDAD ADMINISTRADORA DE INVERSION DESARROLLO S.A.
Dario De Jesus Meja Villegas,,SUPLENTE NUMERICO,SOCIEDAD ADMINISTRADORA DE INVERSION DESARROLLO S.A.
Eduardo Ángel Reyes,,PRINCIPAL,SOCIEDAD ADMINISTRADORA DE INVERSION DESARROLLO S.A.
Francisco Javier Alvarez Cubillos,,SUPLENTE NUMERICO,SOCIEDAD ADMINISTRADORA DE INVERSION DESARROLLO S.A.
Frank Alberto Godoy Casadiego,,SUPLENTE NUMERICO,SOCIEDAD ADMINISTRADORA DE INVERSION DESARROLLO S.A.
Luis German Vega Montes,,PRINCIPAL,SOCIEDAD ADMINISTRADORA DE INVERSION DESARROLLO S.A.
Luis Jaime Posada Garcia - Peña,,SUPLENTE NUMERICO,SOCIEDAD ADMINISTRADORA DE INVERSION DESARROLLO S.A.
Maria Isabel Trujillo De Reyes,,SUPLENTE NUMERICO,SOCIEDAD ADMINISTRADORA DE INVERSION DESARROLLO S.A.
María Pilar Rebolledo Delgado,,SUPLENTE NUMERICO,SOCIEDAD ADMINISTRADORA DE INVERSION DESARROLLO S.A.
Martha Coral Camargo,,SUPLENTE NUMERICO,SOCIEDAD ADMINISTRADORA DE INVERSION DESARROLLO S.A.
Moises Leon Rubinstein Lerner,,PRINCIPAL,SOCIEDAD ADMINISTRADORA DE INVERSION DESARROLLO S.A.
Octavio Bustamante Murcia,,PRINCIPAL,SOCIEDAD ADMINISTRADORA DE INVERSION DESARROLLO S.A.
Rafael Arango Calle,,PRINCIPAL,SOCIEDAD ADMINISTRADORA DE INVERSION DESARROLLO S.A.
Thelmo Augusto Alfonso Mendez,,SUPLENTE NUMERICO,SOCIEDAD ADMINISTRADORA DE INVERSION DESARROLLO S.A.
Andres Echavarria Olano,,PRINCIPAL,SODIMAC COLOMBIA S.A.
Daniel Echavarria Arango,,SUPLENTE PERSONAL,SODIMAC COLOMBIA S.A.
Enrique Armin Gundermann Wylie,,PRINCIPAL,SODIMAC COLOMBIA S.A.
Gastón Bottazzini,,PRINCIPAL,SODIMAC COLOMBIA S.A.
Jose Eugenio Muñoz Menendez,,SUPLENTE PERSONAL,SODIMAC COLOMBIA S.A.
Julio Manuel Ayerbe Muñoz,,PRINCIPAL,SODIMAC COLOMBIA S.A.
Rodrigo Agustin Fajardo Zilleruelo,,SUPLENTE PERSONAL,SODIMAC COLOMBIA S.A.
Sergio Muñoz Gomez,,SUPLENTE PERSONAL,SODIMAC COLOMBIA S.A.
Cecilia Maria Velez White,,PRINCIPAL,SURAMERICANA S.A.
David Bojanini Garcia,,PRINCIPAL - PRESIDENTE,SURAMERICANA S.A.
Jaime Humberto Lopez Mesa,,PRINCIPAL,SURAMERICANA S.A.
Luis Alberto Zuleta Jaramillo,,PRINCIPAL,SURAMERICANA S.A.
Matthias Marwege,,PRINCIPAL,SURAMERICANA S.A.
Ricardo Jaramillo Mejia,,PRINCIPAL,SURAMERICANA S.A.
Rodrigo Belloube Dos Santos,,PRINCIPAL,SURAMERICANA S.A.
Aquiles Mercado Gonzalez,,PRINCIPAL,SURTIDORA DE GAS DEL CARIBE S.A. E.S.P.
Eduardo Rosado,,SUPLENTE PERSONAL,SURTIDORA DE GAS DEL CARIBE S.A. E.S.P.
Guido Alberto Nule Amin,,PRINCIPAL,SURTIDORA DE GAS DEL CARIBE S.A. E.S.P.
Ramon Ignacio Pereira Visbal,,SUPLENTE PERSONAL,SURTIDORA DE GAS DEL CARIBE S.A. E.S.P.
Ricardo Fernandez,,PRINCIPAL,SURTIDORA DE GAS DEL CARIBE S.A. E.S.P.
Roberto Alcocer Rosa,,SUPLENTE PERSONAL,SURTIDORA DE GAS DEL CARIBE S.A. E.S.P.
Rodolfo Anaya Abello,,PRINCIPAL,SURTIDORA DE GAS DEL CARIBE S.A. E.S.P.
Silvana Valencia Zuñiga,,SUPLENTE PERSONAL,SURTIDORA DE GAS DEL CARIBE S.A. E.S.P.
Christian Daes,,PRINCIPAL,TECNOGLASS INC.
Jose Manuel Daes,,PRINCIPAL,TECNOGLASS INC.
Juan Carlos Vilariño Amalfi,,PRINCIPAL,TECNOGLASS INC.
Julio Torres,,PRINCIPAL,TECNOGLASS INC.
Martha Byorum,,PRINCIPAL,TECNOGLASS INC.
Samuel Azout Papu,,PRINCIPAL,TECNOGLASS INC.
Weil Allen Lorne,,PRINCIPAL - PRESIDENTE,TECNOGLASS INC.
Alvaro Alberto Carrillo Buitrago,,SUPLENTE PERSONAL,TITULARIZADORA COLOMBIANA S.A. HITOS
Ana Milena Lopez Rocha,,PRINCIPAL,TITULARIZADORA COLOMBIANA S.A. HITOS
Diego Fernando Prieto Rivera,,PRINCIPAL,TITULARIZADORA COLOMBIANA S.A. HITOS
Efrain Enrique Forero Fonseca,,PRINCIPAL,TITULARIZADORA COLOMBIANA S.A. HITOS
Hernán Alonso Alzate Arias,,SUPLENTE PERSONAL,TITULARIZADORA COLOMBIANA S.A. HITOS
Jaime Alberto Upegui Cuartas,,SUPLENTE PERSONAL,TITULARIZADORA COLOMBIANA S.A. HITOS
Jorge Alberto Linares Alarcón,,SUPLENTE PERSONAL,TITULARIZADORA COLOMBIANA S.A. HITOS
José Humberto Acosta Martín,,PRINCIPAL,TITULARIZADORA COLOMBIANA S.A. HITOS
Juan Camilo Angel Mejia,,PRINCIPAL,TITULARIZADORA COLOMBIANA S.A. HITOS
Oscar Andrés Eduardo Gómez Colmenares,,SUPLENTE PERSONAL,TITULARIZADORA COLOMBIANA S.A. HITOS
Cesar Augusto Ramirez Rojas,,PRINCIPAL,TRANSELCA S.A. E.S.P.
Juan Manuel Sanchez Vergara,,PRINCIPAL,TRANSELCA S.A. E.S.P.
Judith Cure Cure,,PRINCIPAL,TRANSELCA S.A. E.S.P.
Luis Fernando Vergara Munarriz,,PRINCIPAL,TRANSELCA S.A. E.S.P.
Rafael Del Castillo Trucco,,PRINCIPAL,TRANSELCA S.A. E.S.P.
Andres Restrepo Isaza,,PRINCIPAL,UNE EPM TELECOMUNICACIONES S.A.
Carlos Enrique Piedrahita Arocha,,PRINCIPAL,UNE EPM TELECOMUNICACIONES S.A.
Esteban Cristian Iriarte,,PRINCIPAL,UNE EPM TELECOMUNICACIONES S.A.
Federico Arango Toro,,PRINCIPAL,UNE EPM TELECOMUNICACIONES S.A.
Gabriel Jaime Betancurt Mesa,,SUPLENTE PERSONAL,UNE EPM TELECOMUNICACIONES S.A.
Jorge Alberto Julian Londoño De La Cuesta,,PRINCIPAL - PRESIDENTE,UNE EPM TELECOMUNICACIONES S.A.
Juan Antonio Pungiluppi,,PRINCIPAL,UNE EPM TELECOMUNICACIONES S.A.
Juan Camilo Restrepo,,SUPLENTE PERSONAL,UNE EPM TELECOMUNICACIONES S.A.
Luciano Marino,,SUPLENTE PERSONAL,UNE EPM TELECOMUNICACIONES S.A.
Marcelo Daniel Benítez Aldana,,SUPLENTE PERSONAL,UNE EPM TELECOMUNICACIONES S.A.
Mauricio Ramos Borrero,,PRINCIPAL,UNE EPM TELECOMUNICACIONES S.A.
Miguel Moreno Munera,,SUPLENTE PERSONAL,UNE EPM TELECOMUNICACIONES S.A.
Paola Guzman,,SUPLENTE PERSONAL,UNE EPM TELECOMUNICACIONES S.A.
Salvador Escalon,,SUPLENTE PERSONAL,UNE EPM TELECOMUNICACIONES S.A.
Tim Pennignton,,PRINCIPAL,UNE EPM TELECOMUNICACIONES S.A.
Alvaro Gómez Jaramillo,,PRINCIPAL,VALORES INDUSTRIALES S.A.
Aura De Jesus Hurtado Escobar,,PRINCIPAL,VALORES INDUSTRIALES S.A.
Carlos Alfonso Quijano Llano,,SUPLENTE PERSONAL,VALORES INDUSTRIALES S.A.
Eulalia Maria Sanin Gomez,,SUPLENTE PERSONAL,VALORES INDUSTRIALES S.A.
José Antonio Gómez Jaramillo,,PRINCIPAL,VALORES INDUSTRIALES S.A.
Juan Antonio Pelaez Gomez,,SUPLENTE PERSONAL,VALORES INDUSTRIALES S.A.
Maria Camila Gomez Arbelaez,,SUPLENTE PERSONAL,VALORES INDUSTRIALES S.A.
Maria Isabel Giraldo Angel,,SUPLENTE PERSONAL,VALORES INDUSTRIALES S.A.
Maria Stella Gomez De Sanin,,SUPLENTE PERSONAL,VALORES INDUSTRIALES S.A.
Mónica Maria Goméz Jaramillo,,PRINCIPAL,VALORES INDUSTRIALES S.A.
Nicolas Santos Charry,,PRINCIPAL - PRESIDENTE,VALORES INDUSTRIALES S.A.
Pablo Caicedo Gomez,,PRINCIPAL,VALORES INDUSTRIALES S.A.
Sanin Gomez Juan Esteban,,PRINCIPAL,VALORES INDUSTRIALES S.A.
Santiago Jose Gomez Echavarria,,SUPLENTE PERSONAL,VALORES INDUSTRIALES S.A.
Alejandro Aguilar Vargas,,PRINCIPAL,VALORES SIMESA S.A.
Juan Carlos Duque Ramírez,,PRINCIPAL,VALORES SIMESA S.A.
Juan Guillermo Noreña M.,,PRINCIPAL,VALORES SIMESA S.A.
Mauricio Toro Zuluaga,,PRINCIPAL,VALORES SIMESA S.A.
Pablo Caicedo Gomez,,PRINCIPAL,VALORES SIMESA S.A.
,,,
Cantidad de consejeres,Cantidad de femenines,,Cantidad de empresas
1100,0,,190
,,,
,Proporción,,
,"0,00000",,
,,,
,Cantidad de no binaries,,
,0,,